undefinedin,victory_percentage,loose_percentage,split_percentage
2c2s,9d3h,53,45,2
2c2s,9d3c,52,46,2
2c2s,9d2d,61,35,4
2c2s,9d2h,65,31,4
2c2s,8s8d,18,81,1
2c2s,8s8h,18,81,1
2c2s,8s8c,17,82,1
2c2s,8s7s,45,52,3
2c2s,8s7d,47,50,3
2c2s,8s7h,48,50,2
2c2s,8s7c,47,50,3
2c2s,8s6s,47,51,2
2c2s,8s6d,49,48,3
2c2s,8s6h,49,49,2
2c2s,8s6c,49,49,2
2c2s,8s5s,48,50,2
2c2s,8s5d,50,47,3
2c2s,8s5h,50,47,3
2c2s,8s5c,50,48,2
2c2s,8s4s,49,48,3
2c2s,8s4d,51,46,3
2c2s,8s4h,51,46,3
2c2s,8s4c,51,46,3
2c2s,8s3s,50,47,3
2c2s,8s3d,52,45,3
2c2s,8s3h,53,45,2
2c2s,8s3c,52,45,3
2c2s,8s2d,65,31,4
2c2s,8s2h,65,31,4
2c2s,8d8s,18,81,1
2c2s,8d8h,19,80,1
2c2s,8d8c,18,81,1
2c2s,8d7s,48,50,2
2c2s,8d7d,46,52,2
2c2s,8d7h,48,49,3
2c2s,8d7c,48,50,2
2c2s,8d6s,49,49,2
2c2s,8d6d,46,51,3
2c2s,8d6h,50,48,2
2c2s,8d6c,49,49,2
2c2s,8d5s,50,47,3
2c2s,8d5d,48,50,2
2c2s,8d5h,51,47,2
2c2s,8d5c,50,47,3
2c2s,8d4s,52,46,2
2c2s,8d4d,49,49,2
2c2s,8d4h,52,45,3
2c2s,8d4c,51,46,3
2c2s,8d3s,53,45,2
2c2s,8d3d,50,48,2
2c2s,8d3h,53,44,3
2c2s,8d3c,52,45,3
2c2s,8d2d,61,35,4
2c2s,8d2h,65,31,4
2c2s,8h8s,18,81,1
2c2s,8h8d,18,81,1
2c2s,8h8c,18,81,1
2c2s,8h7s,48,50,2
2c2s,8h7d,48,49,3
2c2s,8h7h,45,52,3
2c2s,8h7c,48,50,2
2c2s,8h6s,49,49,2
2c2s,8h6d,49,48,3
2c2s,8h6h,46,51,3
2c2s,8h6c,49,48,3
2c2s,8h5s,50,47,3
2c2s,8h5d,50,47,3
2c2s,8h5h,48,50,2
2c2s,8h5c,50,47,3
2c2s,8h4s,51,46,3
2c2s,8h4d,52,46,2
2c2s,8h4h,49,49,2
2c2s,8h4c,51,46,3
2c2s,8h3s,53,45,2
2c2s,8h3d,53,44,3
2c2s,8h3h,50,48,2
2c2s,8h3c,53,45,2
2c2s,8h2d,65,31,4
2c2s,8h2h,61,35,4
2c2s,8c8s,17,82,1
2c2s,8c8d,18,81,1
2c2s,8c8h,18,81,1
2c2s,8c7s,47,50,3
2c2s,8c7d,48,50,2
2c2s,8c7h,48,50,2
2c2s,8c7c,45,52,3
2c2s,8c6s,48,49,3
2c2s,8c6d,49,49,2
2c2s,8c6h,49,49,2
2c2s,8c6c,47,51,2
2c2s,8c5s,50,48,2
2c2s,8c5d,50,47,3
2c2s,8c5h,50,47,3
2c2s,8c5c,48,50,2
2c2s,8c4s,51,46,3
2c2s,8c4d,52,46,2
2c2s,8c4h,51,46,3
2c2s,8c4c,49,48,3
2c2s,8c3s,52,45,3
2c2s,8c3d,53,45,2
2c2s,8c3h,53,45,2
2c2s,8c3c,50,47,3
2c2s,8c2d,65,31,4
2c2s,8c2h,65,31,4
2c2s,7s7d,17,81,2
2c2s,7s7h,17,81,2
2c2s,7s7c,17,82,1
2c2s,7s6s,45,52,3
2c2s,7s6d,48,50,2
2c2s,7s6h,47,50,3
2c2s,7s6c,47,50,3
2c2s,7s5s,47,51,2
2c2s,7s5d,49,48,3
2c2s,7s5h,49,48,3
2c2s,7s5c,48,49,3
2c2s,7s4s,48,49,3
2c2s,7s4d,50,47,3
2c2s,7s4h,50,47,3
2c2s,7s4c,49,48,3
2c2s,7s3s,49,48,3
2c2s,7s3d,51,46,3
2c2s,7s3h,51,46,3
2c2s,7s3c,51,46,3
2c2s,7s2d,65,31,4
2c2s,7s2h,65,31,4
2c2s,7d7s,17,81,2
2c2s,7d7h,18,80,2
2c2s,7d7c,17,81,2
2c2s,7d6s,47,50,3
2c2s,7d6d,45,52,3
2c2s,7d6h,48,49,3
2c2s,7d6c,48,49,3
2c2s,7d5s,49,48,3
2c2s,7d5d,47,51,2
2c2s,7d5h,49,48,3
2c2s,7d5c,49,48,3
2c2s,7d4s,50,47,3
2c2s,7d4d,48,50,2
2c2s,7d4h,51,46,3
2c2s,7d4c,50,47,3
2c2s,7d3s,51,46,3
2c2s,7d3d,49,48,3
2c2s,7d3h,52,45,3
2c2s,7d3c,51,46,3
2c2s,7d2d,62,34,4
2c2s,7d2h,65,31,4
2c2s,7h7s,17,81,2
2c2s,7h7d,18,81,1
2c2s,7h7c,17,81,2
2c2s,7h6s,47,50,3
2c2s,7h6d,48,49,3
2c2s,7h6h,45,52,3
2c2s,7h6c,47,50,3
2c2s,7h5s,49,48,3
2c2s,7h5d,49,48,3
2c2s,7h5h,46,51,3
2c2s,7h5c,49,48,3
2c2s,7h4s,50,47,3
2c2s,7h4d,51,46,3
2c2s,7h4h,48,50,2
2c2s,7h4c,50,47,3
2c2s,7h3s,51,46,3
2c2s,7h3d,52,46,2
2c2s,7h3h,48,49,3
2c2s,7h3c,51,46,3
2c2s,7h2d,65,31,4
2c2s,7h2h,62,35,3
2c2s,7c7s,17,82,1
2c2s,7c7d,17,81,2
2c2s,7c7h,17,81,2
2c2s,7c6s,47,50,3
2c2s,7c6d,47,50,3
2c2s,7c6h,47,50,3
2c2s,7c6c,45,52,3
2c2s,7c5s,48,49,3
2c2s,7c5d,49,48,3
2c2s,7c5h,49,48,3
2c2s,7c5c,47,51,2
2c2s,7c4s,50,47,3
2c2s,7c4d,50,47,3
2c2s,7c4h,50,47,3
2c2s,7c4c,48,49,3
2c2s,7c3s,51,46,3
2c2s,7c3d,51,46,3
2c2s,7c3h,51,46,3
2c2s,7c3c,49,49,2
2c2s,7c2d,65,30,5
2c2s,7c2h,65,31,4
2c2s,6s6d,18,81,1
2c2s,6s6h,17,80,3
2c2s,6s6c,17,81,2
2c2s,6s5s,47,50,3
2c2s,6s5d,49,48,3
2c2s,6s5h,49,48,3
2c2s,6s5c,48,49,3
2c2s,6s4s,47,49,4
2c2s,6s4d,50,47,3
2c2s,6s4h,50,47,3
2c2s,6s4c,49,47,4
2c2s,6s3s,49,48,3
2c2s,6s3d,51,46,3
2c2s,6s3h,51,46,3
2c2s,6s3c,51,46,3
2c2s,6s2d,64,31,5
2c2s,6s2h,64,31,5
2c2s,6d6s,17,81,2
2c2s,6d6h,18,80,2
2c2s,6d6c,17,81,2
2c2s,6d5s,49,48,3
2c2s,6d5d,46,51,3
2c2s,6d5h,49,48,3
2c2s,6d5c,49,48,3
2c2s,6d4s,50,47,3
2c2s,6d4d,47,50,3
2c2s,6d4h,50,47,3
2c2s,6d4c,50,47,3
2c2s,6d3s,51,46,3
2c2s,6d3d,48,48,4
2c2s,6d3h,52,45,3
2c2s,6d3c,51,46,3
2c2s,6d2d,60,36,4
2c2s,6d2h,65,31,4
2c2s,6h6s,17,81,2
2c2s,6h6d,18,80,2
2c2s,6h6c,17,81,2
2c2s,6h5s,49,48,3
2c2s,6h5d,49,48,3
2c2s,6h5h,46,51,3
2c2s,6h5c,49,48,3
2c2s,6h4s,50,47,3
2c2s,6h4d,50,46,4
2c2s,6h4h,47,49,4
2c2s,6h4c,50,47,3
2c2s,6h3s,51,46,3
2c2s,6h3d,51,45,4
2c2s,6h3h,49,48,3
2c2s,6h3c,51,45,4
2c2s,6h2d,64,31,5
2c2s,6h2h,61,35,4
2c2s,6c6s,17,81,2
2c2s,6c6d,17,80,3
2c2s,6c6h,17,81,2
2c2s,6c5s,49,48,3
2c2s,6c5d,49,48,3
2c2s,6c5h,49,48,3
2c2s,6c5c,47,50,3
2c2s,6c4s,50,47,3
2c2s,6c4d,50,47,3
2c2s,6c4h,50,47,3
2c2s,6c4c,48,49,3
2c2s,6c3s,50,46,4
2c2s,6c3d,51,46,3
2c2s,6c3h,51,46,3
2c2s,6c3c,49,48,3
2c2s,6c2d,64,32,4
2c2s,6c2h,64,31,5
2c2s,5s5d,17,80,3
2c2s,5s5h,17,80,3
2c2s,5s5c,16,81,3
2c2s,5s4s,47,49,4
2c2s,5s4d,50,47,3
2c2s,5s4h,49,47,4
2c2s,5s4c,48,48,4
2c2s,5s3s,48,48,4
2c2s,5s3d,50,46,4
2c2s,5s3h,50,46,4
2c2s,5s3c,50,46,4
2c2s,5s2d,62,32,6
2c2s,5s2h,63,32,5
2c2s,5d5s,17,80,3
2c2s,5d5h,18,80,2
2c2s,5d5c,17,80,3
2c2s,5d4s,49,47,4
2c2s,5d4d,47,50,3
2c2s,5d4h,50,46,4
2c2s,5d4c,50,47,3
2c2s,5d3s,50,46,4
2c2s,5d3d,48,49,3
2c2s,5d3h,51,45,4
2c2s,5d3c,50,46,4
2c2s,5d2d,59,36,5
2c2s,5d2h,63,32,5
2c2s,5h5s,17,80,3
2c2s,5h5d,18,79,3
2c2s,5h5c,17,80,3
2c2s,5h4s,50,47,3
2c2s,5h4d,50,47,3
2c2s,5h4h,47,49,4
2c2s,5h4c,49,47,4
2c2s,5h3s,50,46,4
2c2s,5h3d,51,46,3
2c2s,5h3h,48,49,3
2c2s,5h3c,50,46,4
2c2s,5h2d,63,32,5
2c2s,5h2h,59,36,5
2c2s,5c5s,16,81,3
2c2s,5c5d,17,80,3
2c2s,5c5h,17,80,3
2c2s,5c4s,49,48,3
2c2s,5c4d,49,47,4
2c2s,5c4h,49,47,4
2c2s,5c4c,47,49,4
2c2s,5c3s,50,46,4
2c2s,5c3d,50,46,4
2c2s,5c3h,50,46,4
2c2s,5c3c,48,48,4
2c2s,5c2d,62,32,6
2c2s,5c2h,63,32,5
2c2s,4s4d,17,79,4
2c2s,4s4h,17,79,4
2c2s,4s4c,16,80,4
2c2s,4s3s,48,48,4
2c2s,4s3d,51,45,4
2c2s,4s3h,51,45,4
2c2s,4s3c,50,46,4
2c2s,4s2d,63,32,5
2c2s,4s2h,63,31,6
2c2s,4d4s,17,79,4
2c2s,4d4h,18,79,3
2c2s,4d4c,17,79,4
2c2s,4d3s,51,45,4
2c2s,4d3d,48,48,4
2c2s,4d3h,51,45,4
2c2s,4d3c,51,45,4
2c2s,4d2d,59,35,6
2c2s,4d2h,63,31,6
2c2s,4h4s,17,79,4
2c2s,4h4d,18,79,3
2c2s,4h4c,17,79,4
2c2s,4h3s,51,45,4
2c2s,4h3d,51,45,4
2c2s,4h3h,48,48,4
2c2s,4h3c,51,45,4
2c2s,4h2d,63,31,6
2c2s,4h2h,59,35,6
2c2s,4c4s,16,80,4
2c2s,4c4d,17,79,4
2c2s,4c4h,17,79,4
2c2s,4c3s,50,46,4
2c2s,4c3d,51,45,4
2c2s,4c3h,51,45,4
2c2s,4c3c,49,48,3
2c2s,4c2d,63,31,6
2c2s,4c2h,63,31,6
2c2s,3s3d,17,78,5
2c2s,3s3h,17,78,5
2c2s,3s3c,16,79,5
2c2s,3s2d,63,30,7
2c2s,3s2h,64,30,6
2c2s,3d3s,17,78,5
2c2s,3d3h,18,77,5
2c2s,3d3c,17,78,5
2c2s,3d2d,60,34,6
2c2s,3d2h,64,30,6
2c2s,3h3s,17,78,5
2c2s,3h3d,18,77,5
2c2s,3h3c,17,78,5
2c2s,3h2d,64,30,6
2c2s,3h2h,60,34,6
2c2s,3c3s,16,78,6
2c2s,3c3d,17,78,5
2c2s,3c3h,17,78,5
2c2s,3c2d,63,30,7
2c2s,3c2h,64,30,6
2c2s,2d2h,2,2,96
2c2s,2h2d,2,2,96
2c2d,AcAh,18,82,0
2c2d,AcAd,17,83,0
2c2d,AcAs,17,82,1
2c2d,AcKc,50,50,0
2c2d,AcKh,52,47,1
2c2d,AcKd,52,47,1
2c2d,AcKs,53,47,0
2c2d,AcQc,50,50,0
2c2d,AcQh,52,47,1
2c2d,AcQd,52,48,0
2c2d,AcQs,52,47,1
2c2d,AcJc,49,50,1
2c2d,AcJh,51,48,1
2c2d,AcJd,51,48,1
2c2d,AcJs,52,48,0
2c2d,AcTc,49,50,1
2c2d,AcTh,51,48,1
2c2d,AcTd,51,48,1
2c2d,AcTs,51,48,1
2c2d,Ac9s,53,47,0
2c2d,Ac9c,50,49,1
2c2d,Ac9h,52,47,1
2c2d,Ac9d,53,47,0
2c2d,Ac8s,52,47,1
2c2d,Ac8d,52,47,1
2c2d,Ac8h,53,47,0
2c2d,Ac8c,50,50,0
2c2d,Ac7s,52,47,1
2c2d,Ac7d,52,48,0
2c2d,Ac7h,52,47,1
2c2d,Ac7c,50,50,0
2c2d,Ac6s,53,46,1
2c2d,Ac6d,52,47,1
2c2d,Ac6h,53,46,1
2c2d,Ac6c,50,49,1
2c2d,Ac5s,52,47,1
2c2d,Ac5d,52,48,0
2c2d,Ac5h,52,47,1
2c2d,Ac5c,50,50,0
2c2d,Ac4s,53,47,0
2c2d,Ac4d,52,48,0
2c2d,Ac4h,53,47,0
2c2d,Ac4c,50,49,1
2c2d,Ac3s,53,47,0
2c2d,Ac3d,52,47,1
2c2d,Ac3h,53,47,0
2c2d,Ac3c,50,49,1
2c2d,Ac2s,65,33,2
2c2d,Ac2h,65,33,2
2c2d,AhAc,17,82,1
2c2d,AhAd,18,82,0
2c2d,AhAs,18,81,1
2c2d,AhKc,52,47,1
2c2d,AhKh,50,50,0
2c2d,AhKd,52,47,1
2c2d,AhKs,53,47,0
2c2d,AhQc,52,47,1
2c2d,AhQh,50,50,0
2c2d,AhQd,52,47,1
2c2d,AhQs,53,47,0
2c2d,AhJc,51,48,1
2c2d,AhJh,49,50,1
2c2d,AhJd,51,48,1
2c2d,AhJs,52,47,1
2c2d,AhTc,51,48,1
2c2d,AhTh,49,51,0
2c2d,AhTd,51,48,1
2c2d,AhTs,52,48,0
2c2d,Ah9s,53,46,1
2c2d,Ah9c,53,47,0
2c2d,Ah9h,50,49,1
2c2d,Ah9d,53,47,0
2c2d,Ah8s,53,47,0
2c2d,Ah8d,52,47,1
2c2d,Ah8h,50,49,1
2c2d,Ah8c,52,47,1
2c2d,Ah7s,52,47,1
2c2d,Ah7d,52,48,0
2c2d,Ah7h,49,50,1
2c2d,Ah7c,52,47,1
2c2d,Ah6s,53,46,1
2c2d,Ah6d,53,47,0
2c2d,Ah6h,50,49,1
2c2d,Ah6c,53,47,0
2c2d,Ah5s,52,47,1
2c2d,Ah5d,52,47,1
2c2d,Ah5h,50,50,0
2c2d,Ah5c,52,47,1
2c2d,Ah4s,53,47,0
2c2d,Ah4d,53,47,0
2c2d,Ah4h,50,50,0
2c2d,Ah4c,52,47,1
2c2d,Ah3s,53,46,1
2c2d,Ah3d,53,46,1
2c2d,Ah3h,50,49,1
2c2d,Ah3c,53,46,1
2c2d,Ah2s,65,33,2
2c2d,Ah2h,61,37,2
2c2d,AdAc,17,83,0
2c2d,AdAh,18,82,0
2c2d,AdAs,18,82,0
2c2d,AdKc,52,47,1
2c2d,AdKh,52,47,1
2c2d,AdKd,50,49,1
2c2d,AdKs,52,47,1
2c2d,AdQc,51,48,1
2c2d,AdQh,52,47,1
2c2d,AdQd,49,50,1
2c2d,AdQs,52,47,1
2c2d,AdJc,51,48,1
2c2d,AdJh,52,48,0
2c2d,AdJd,49,50,1
2c2d,AdJs,52,48,0
2c2d,AdTc,51,48,1
2c2d,AdTh,51,48,1
2c2d,AdTd,49,50,1
2c2d,AdTs,52,48,0
2c2d,Ad9s,53,47,0
2c2d,Ad9c,52,47,1
2c2d,Ad9h,53,47,0
2c2d,Ad9d,50,49,1
2c2d,Ad8s,52,48,0
2c2d,Ad8d,50,50,0
2c2d,Ad8h,52,47,1
2c2d,Ad8c,52,48,0
2c2d,Ad7s,52,47,1
2c2d,Ad7d,50,49,1
2c2d,Ad7h,52,47,1
2c2d,Ad7c,52,48,0
2c2d,Ad6s,53,46,1
2c2d,Ad6d,51,49,0
2c2d,Ad6h,53,47,0
2c2d,Ad6c,53,47,0
2c2d,Ad5s,52,47,1
2c2d,Ad5d,50,50,0
2c2d,Ad5h,52,47,1
2c2d,Ad5c,52,47,1
2c2d,Ad4s,52,47,1
2c2d,Ad4d,50,49,1
2c2d,Ad4h,53,47,0
2c2d,Ad4c,52,47,1
2c2d,Ad3s,53,46,1
2c2d,Ad3d,50,49,1
2c2d,Ad3h,53,46,1
2c2d,Ad3c,52,47,1
2c2d,Ad2s,65,34,1
2c2d,Ad2h,65,33,2
2c2d,AsAc,18,82,0
2c2d,AsAh,18,81,1
2c2d,AsAd,17,82,1
2c2d,AsKc,52,47,1
2c2d,AsKh,53,46,1
2c2d,AsKd,52,47,1
2c2d,AsKs,50,50,0
2c2d,AsQc,52,47,1
2c2d,AsQh,52,47,1
2c2d,AsQd,52,48,0
2c2d,AsQs,49,50,1
2c2d,AsJc,52,48,0
2c2d,AsJh,52,48,0
2c2d,AsJd,52,47,1
2c2d,AsJs,49,50,1
2c2d,AsTc,51,48,1
2c2d,AsTh,52,48,0
2c2d,AsTd,51,48,1
2c2d,AsTs,48,51,1
2c2d,As9s,50,50,0
2c2d,As9c,52,47,1
2c2d,As9h,53,47,0
2c2d,As9d,52,47,1
2c2d,As8s,49,50,1
2c2d,As8d,52,47,1
2c2d,As8h,53,47,0
2c2d,As8c,52,47,1
2c2d,As7s,49,50,1
2c2d,As7d,52,47,1
2c2d,As7h,52,47,1
2c2d,As7c,52,47,1
2c2d,As6s,50,50,0
2c2d,As6d,52,47,1
2c2d,As6h,53,46,1
2c2d,As6c,53,47,0
2c2d,As5s,49,50,1
2c2d,As5d,52,47,1
2c2d,As5h,53,47,0
2c2d,As5c,52,47,1
2c2d,As4s,50,50,0
2c2d,As4d,52,47,1
2c2d,As4h,53,47,0
2c2d,As4c,52,47,1
2c2d,As3s,50,49,1
2c2d,As3d,53,46,1
2c2d,As3h,53,46,1
2c2d,As3c,53,46,1
2c2d,As2s,61,37,2
2c2d,As2h,65,33,2
2c2d,KcKh,18,81,1
2c2d,KcKd,17,82,1
2c2d,KcKs,18,82,0
2c2d,KcQc,49,51,0
2c2d,KcQh,51,48,1
2c2d,KcQd,50,49,1
2c2d,KcQs,51,48,1
2c2d,KcJc,48,51,1
2c2d,KcJh,50,49,1
2c2d,KcJd,50,49,1
2c2d,KcJs,50,49,1
2c2d,KcTc,48,51,1
2c2d,KcTh,50,49,1
2c2d,KcTd,50,50,0
2c2d,KcTs,50,49,1
2c2d,Kc9s,51,48,1
2c2d,Kc9c,49,50,1
2c2d,Kc9h,51,48,1
2c2d,Kc9d,51,48,1
2c2d,Kc8s,52,47,1
2c2d,Kc8d,52,47,1
2c2d,Kc8h,52,47,1
2c2d,Kc8c,50,50,0
2c2d,Kc7s,52,47,1
2c2d,Kc7d,51,48,1
2c2d,Kc7h,52,48,0
2c2d,Kc7c,49,50,1
2c2d,Kc6s,52,47,1
2c2d,Kc6d,52,47,1
2c2d,Kc6h,52,47,1
2c2d,Kc6c,50,49,1
2c2d,Kc5s,53,46,1
2c2d,Kc5d,52,47,1
2c2d,Kc5h,53,46,1
2c2d,Kc5c,50,49,1
2c2d,Kc4s,53,46,1
2c2d,Kc4d,52,46,2
2c2d,Kc4h,53,47,0
2c2d,Kc4c,51,48,1
2c2d,Kc3s,53,46,1
2c2d,Kc3d,53,46,1
2c2d,Kc3h,53,46,1
2c2d,Kc3c,51,48,1
2c2d,Kc2s,66,32,2
2c2d,Kc2h,66,32,2
2c2d,KhKc,18,82,0
2c2d,KhKd,18,82,0
2c2d,KhKs,19,81,0
2c2d,KhQc,51,48,1
2c2d,KhQh,48,51,1
2c2d,KhQd,51,48,1
2c2d,KhQs,51,48,1
2c2d,KhJc,50,49,1
2c2d,KhJh,48,51,1
2c2d,KhJd,50,49,1
2c2d,KhJs,51,48,1
2c2d,KhTc,50,49,1
2c2d,KhTh,47,52,1
2c2d,KhTd,50,49,1
2c2d,KhTs,51,49,0
2c2d,Kh9s,52,48,0
2c2d,Kh9c,51,48,1
2c2d,Kh9h,48,51,1
2c2d,Kh9d,51,48,1
2c2d,Kh8s,53,46,1
2c2d,Kh8d,52,47,1
2c2d,Kh8h,50,50,0
2c2d,Kh8c,52,47,1
2c2d,Kh7s,52,47,1
2c2d,Kh7d,52,47,1
2c2d,Kh7h,49,50,1
2c2d,Kh7c,52,47,1
2c2d,Kh6s,53,47,0
2c2d,Kh6d,52,47,1
2c2d,Kh6h,49,50,1
2c2d,Kh6c,52,47,1
2c2d,Kh5s,53,46,1
2c2d,Kh5d,53,46,1
2c2d,Kh5h,50,49,1
2c2d,Kh5c,53,46,1
2c2d,Kh4s,53,46,1
2c2d,Kh4d,53,46,1
2c2d,Kh4h,50,49,1
2c2d,Kh4c,53,46,1
2c2d,Kh3s,54,45,1
2c2d,Kh3d,53,46,1
2c2d,Kh3h,51,48,1
2c2d,Kh3c,53,46,1
2c2d,Kh2s,66,32,2
2c2d,Kh2h,62,36,2
2c2d,KdKc,17,82,1
2c2d,KdKh,18,81,1
2c2d,KdKs,18,81,1
2c2d,KdQc,50,49,1
2c2d,KdQh,51,48,1
2c2d,KdQd,49,50,1
2c2d,KdQs,51,48,1
2c2d,KdJc,50,49,1
2c2d,KdJh,51,48,1
2c2d,KdJd,48,51,1
2c2d,KdJs,51,49,0
2c2d,KdTc,50,50,0
2c2d,KdTh,50,49,1
2c2d,KdTd,48,51,1
2c2d,KdTs,50,49,1
2c2d,Kd9s,51,48,1
2c2d,Kd9c,51,48,1
2c2d,Kd9h,51,48,1
2c2d,Kd9d,49,50,1
2c2d,Kd8s,52,47,1
2c2d,Kd8d,50,49,1
2c2d,Kd8h,52,47,1
2c2d,Kd8c,52,47,1
2c2d,Kd7s,52,47,1
2c2d,Kd7d,49,50,1
2c2d,Kd7h,52,47,1
2c2d,Kd7c,51,48,1
2c2d,Kd6s,52,47,1
2c2d,Kd6d,50,49,1
2c2d,Kd6h,52,47,1
2c2d,Kd6c,52,47,1
2c2d,Kd5s,53,46,1
2c2d,Kd5d,50,49,1
2c2d,Kd5h,53,46,1
2c2d,Kd5c,52,47,1
2c2d,Kd4s,53,46,1
2c2d,Kd4d,50,49,1
2c2d,Kd4h,53,46,1
2c2d,Kd4c,53,46,1
2c2d,Kd3s,53,46,1
2c2d,Kd3d,51,48,1
2c2d,Kd3h,53,46,1
2c2d,Kd3c,53,46,1
2c2d,Kd2s,66,32,2
2c2d,Kd2h,66,32,2
2c2d,KsKc,18,81,1
2c2d,KsKh,19,81,0
2c2d,KsKd,18,81,1
2c2d,KsQc,51,48,1
2c2d,KsQh,51,48,1
2c2d,KsQd,51,48,1
2c2d,KsQs,48,51,1
2c2d,KsJc,51,48,1
2c2d,KsJh,51,48,1
2c2d,KsJd,50,49,1
2c2d,KsJs,48,51,1
2c2d,KsTc,50,49,1
2c2d,KsTh,51,49,0
2c2d,KsTd,50,49,1
2c2d,KsTs,48,52,0
2c2d,Ks9s,49,50,1
2c2d,Ks9c,51,48,1
2c2d,Ks9h,52,48,0
2c2d,Ks9d,51,48,1
2c2d,Ks8s,49,50,1
2c2d,Ks8d,52,47,1
2c2d,Ks8h,53,47,0
2c2d,Ks8c,52,47,1
2c2d,Ks7s,49,50,1
2c2d,Ks7d,52,48,0
2c2d,Ks7h,52,47,1
2c2d,Ks7c,52,48,0
2c2d,Ks6s,49,50,1
2c2d,Ks6d,52,47,1
2c2d,Ks6h,52,47,1
2c2d,Ks6c,52,47,1
2c2d,Ks5s,50,49,1
2c2d,Ks5d,53,46,1
2c2d,Ks5h,53,46,1
2c2d,Ks5c,53,46,1
2c2d,Ks4s,50,49,1
2c2d,Ks4d,53,46,1
2c2d,Ks4h,53,46,1
2c2d,Ks4c,53,46,1
2c2d,Ks3s,51,48,1
2c2d,Ks3d,53,46,1
2c2d,Ks3h,54,45,1
2c2d,Ks3c,53,46,1
2c2d,Ks2s,62,36,2
2c2d,Ks2h,66,32,2
2c2d,QcQh,18,82,0
2c2d,QcQd,17,82,1
2c2d,QcQs,18,81,1
2c2d,QcJc,47,52,1
2c2d,QcJh,49,50,1
2c2d,QcJd,49,50,1
2c2d,QcJs,50,49,1
2c2d,QcTc,47,52,1
2c2d,QcTh,49,50,1
2c2d,QcTd,48,50,2
2c2d,QcTs,49,50,1
2c2d,Qc9s,50,49,1
2c2d,Qc9c,48,51,1
2c2d,Qc9h,50,49,1
2c2d,Qc9d,50,49,1
2c2d,Qc8s,51,48,1
2c2d,Qc8d,51,48,1
2c2d,Qc8h,51,48,1
2c2d,Qc8c,49,50,1
2c2d,Qc7s,52,47,1
2c2d,Qc7d,51,48,1
2c2d,Qc7h,52,47,1
2c2d,Qc7c,50,49,1
2c2d,Qc6s,52,47,1
2c2d,Qc6d,52,47,1
2c2d,Qc6h,52,47,1
2c2d,Qc6c,49,49,2
2c2d,Qc5s,52,47,1
2c2d,Qc5d,52,47,1
2c2d,Qc5h,52,46,2
2c2d,Qc5c,50,49,1
2c2d,Qc4s,53,46,1
2c2d,Qc4d,52,47,1
2c2d,Qc4h,53,46,1
2c2d,Qc4c,50,48,2
2c2d,Qc3s,53,46,1
2c2d,Qc3d,53,46,1
2c2d,Qc3h,53,46,1
2c2d,Qc3c,51,48,1
2c2d,Qc2s,66,32,2
2c2d,Qc2h,66,32,2
2c2d,QhQc,18,82,0
2c2d,QhQd,18,81,1
2c2d,QhQs,19,81,0
2c2d,QhJc,49,50,1
2c2d,QhJh,47,52,1
2c2d,QhJd,49,50,1
2c2d,QhJs,50,49,1
2c2d,QhTc,48,50,2
2c2d,QhTh,46,53,1
2c2d,QhTd,49,50,1
2c2d,QhTs,49,50,1
2c2d,Qh9s,51,48,1
2c2d,Qh9c,50,49,1
2c2d,Qh9h,47,52,1
2c2d,Qh9d,50,49,1
2c2d,Qh8s,51,48,1
2c2d,Qh8d,51,48,1
2c2d,Qh8h,49,50,1
2c2d,Qh8c,51,48,1
2c2d,Qh7s,52,47,1
2c2d,Qh7d,52,47,1
2c2d,Qh7h,49,49,2
2c2d,Qh7c,52,47,1
2c2d,Qh6s,52,47,1
2c2d,Qh6d,51,47,2
2c2d,Qh6h,49,50,1
2c2d,Qh6c,52,47,1
2c2d,Qh5s,52,46,2
2c2d,Qh5d,52,46,2
2c2d,Qh5h,49,49,2
2c2d,Qh5c,52,46,2
2c2d,Qh4s,53,46,1
2c2d,Qh4d,52,46,2
2c2d,Qh4h,50,49,1
2c2d,Qh4c,53,46,1
2c2d,Qh3s,53,45,2
2c2d,Qh3d,53,46,1
2c2d,Qh3h,50,49,1
2c2d,Qh3c,53,46,1
2c2d,Qh2s,66,32,2
2c2d,Qh2h,62,36,2
2c2d,QdQc,17,82,1
2c2d,QdQh,18,82,0
2c2d,QdQs,18,82,0
2c2d,QdJc,49,50,1
2c2d,QdJh,49,50,1
2c2d,QdJd,47,52,1
2c2d,QdJs,49,50,1
2c2d,QdTc,49,50,1
2c2d,QdTh,49,50,1
2c2d,QdTd,47,52,1
2c2d,QdTs,49,50,1
2c2d,Qd9s,50,49,1
2c2d,Qd9c,50,49,1
2c2d,Qd9h,50,49,1
2c2d,Qd9d,48,51,1
2c2d,Qd8s,51,48,1
2c2d,Qd8d,49,50,1
2c2d,Qd8h,51,48,1
2c2d,Qd8c,51,48,1
2c2d,Qd7s,52,47,1
2c2d,Qd7d,49,49,2
2c2d,Qd7h,52,47,1
2c2d,Qd7c,51,48,1
2c2d,Qd6s,52,47,1
2c2d,Qd6d,49,50,1
2c2d,Qd6h,52,47,1
2c2d,Qd6c,51,47,2
2c2d,Qd5s,52,47,1
2c2d,Qd5d,50,49,1
2c2d,Qd5h,52,47,1
2c2d,Qd5c,52,47,1
2c2d,Qd4s,52,46,2
2c2d,Qd4d,50,49,1
2c2d,Qd4h,53,46,1
2c2d,Qd4c,52,46,2
2c2d,Qd3s,53,46,1
2c2d,Qd3d,50,48,2
2c2d,Qd3h,53,46,1
2c2d,Qd3c,52,47,1
2c2d,Qd2s,66,32,2
2c2d,Qd2h,66,32,2
2c2d,QsQc,18,82,0
2c2d,QsQh,19,81,0
2c2d,QsQd,18,82,0
2c2d,QsJc,49,50,1
2c2d,QsJh,49,50,1
2c2d,QsJd,49,50,1
2c2d,QsJs,47,52,1
2c2d,QsTc,49,50,1
2c2d,QsTh,49,50,1
2c2d,QsTd,49,50,1
2c2d,QsTs,46,52,2
2c2d,Qs9s,48,51,1
2c2d,Qs9c,50,49,1
2c2d,Qs9h,50,48,2
2c2d,Qs9d,50,49,1
2c2d,Qs8s,48,51,1
2c2d,Qs8d,51,48,1
2c2d,Qs8h,51,47,2
2c2d,Qs8c,51,48,1
2c2d,Qs7s,49,50,1
2c2d,Qs7d,52,47,1
2c2d,Qs7h,52,47,1
2c2d,Qs7c,52,47,1
2c2d,Qs6s,49,50,1
2c2d,Qs6d,52,47,1
2c2d,Qs6h,52,47,1
2c2d,Qs6c,52,47,1
2c2d,Qs5s,50,49,1
2c2d,Qs5d,52,46,2
2c2d,Qs5h,53,46,1
2c2d,Qs5c,52,47,1
2c2d,Qs4s,50,49,1
2c2d,Qs4d,53,46,1
2c2d,Qs4h,53,46,1
2c2d,Qs4c,52,46,2
2c2d,Qs3s,50,49,1
2c2d,Qs3d,53,46,1
2c2d,Qs3h,53,45,2
2c2d,Qs3c,53,46,1
2c2d,Qs2s,62,36,2
2c2d,Qs2h,66,32,2
2c2d,JcJh,18,82,0
2c2d,JcJd,17,82,1
2c2d,JcJs,18,82,0
2c2d,JcTc,46,53,1
2c2d,JcTh,48,51,1
2c2d,JcTd,47,51,2
2c2d,JcTs,48,51,1
2c2d,Jc9s,49,49,2
2c2d,Jc9c,47,52,1
2c2d,Jc9h,49,50,1
2c2d,Jc9d,48,50,2
2c2d,Jc8s,50,49,1
2c2d,Jc8d,49,49,2
2c2d,Jc8h,50,49,1
2c2d,Jc8c,47,51,2
2c2d,Jc7s,51,48,1
2c2d,Jc7d,50,49,1
2c2d,Jc7h,51,48,1
2c2d,Jc7c,48,50,2
2c2d,Jc6s,52,47,1
2c2d,Jc6d,51,47,2
2c2d,Jc6h,52,47,1
2c2d,Jc6c,50,49,1
2c2d,Jc5s,52,47,1
2c2d,Jc5d,51,47,2
2c2d,Jc5h,52,47,1
2c2d,Jc5c,50,49,1
2c2d,Jc4s,52,46,2
2c2d,Jc4d,52,47,1
2c2d,Jc4h,52,46,2
2c2d,Jc4c,50,49,1
2c2d,Jc3s,53,46,1
2c2d,Jc3d,52,46,2
2c2d,Jc3h,52,46,2
2c2d,Jc3c,50,48,2
2c2d,Jc2s,65,32,3
2c2d,Jc2h,65,32,3
2c2d,JhJc,18,81,1
2c2d,JhJd,18,82,0
2c2d,JhJs,18,81,1
2c2d,JhTc,47,51,2
2c2d,JhTh,45,53,2
2c2d,JhTd,48,51,1
2c2d,JhTs,48,51,1
2c2d,Jh9s,49,49,2
2c2d,Jh9c,49,50,1
2c2d,Jh9h,46,52,2
2c2d,Jh9d,49,50,1
2c2d,Jh8s,50,48,2
2c2d,Jh8d,50,49,1
2c2d,Jh8h,47,51,2
2c2d,Jh8c,50,49,1
2c2d,Jh7s,51,48,1
2c2d,Jh7d,51,48,1
2c2d,Jh7h,48,51,1
2c2d,Jh7c,50,48,2
2c2d,Jh6s,52,46,2
2c2d,Jh6d,52,47,1
2c2d,Jh6h,49,49,2
2c2d,Jh6c,52,47,1
2c2d,Jh5s,52,46,2
2c2d,Jh5d,52,47,1
2c2d,Jh5h,49,49,2
2c2d,Jh5c,52,47,1
2c2d,Jh4s,53,46,1
2c2d,Jh4d,52,46,2
2c2d,Jh4h,49,49,2
2c2d,Jh4c,52,46,2
2c2d,Jh3s,53,46,1
2c2d,Jh3d,53,46,1
2c2d,Jh3h,50,49,1
2c2d,Jh3c,53,46,1
2c2d,Jh2s,66,32,2
2c2d,Jh2h,62,36,2
2c2d,JdJc,17,82,1
2c2d,JdJh,18,82,0
2c2d,JdJs,18,82,0
2c2d,JdTc,47,51,2
2c2d,JdTh,48,51,1
2c2d,JdTd,45,53,2
2c2d,JdTs,47,51,2
2c2d,Jd9s,49,49,2
2c2d,Jd9c,48,50,2
2c2d,Jd9h,49,50,1
2c2d,Jd9d,47,52,1
2c2d,Jd8s,50,49,1
2c2d,Jd8d,47,51,2
2c2d,Jd8h,50,49,1
2c2d,Jd8c,50,49,1
2c2d,Jd7s,50,48,2
2c2d,Jd7d,49,50,1
2c2d,Jd7h,51,48,1
2c2d,Jd7c,50,49,1
2c2d,Jd6s,52,46,2
2c2d,Jd6d,50,49,1
2c2d,Jd6h,52,46,2
2c2d,Jd6c,51,47,2
2c2d,Jd5s,52,47,1
2c2d,Jd5d,49,49,2
2c2d,Jd5h,52,46,2
2c2d,Jd5c,51,47,2
2c2d,Jd4s,52,46,2
2c2d,Jd4d,50,49,1
2c2d,Jd4h,52,46,2
2c2d,Jd4c,52,47,1
2c2d,Jd3s,52,46,2
2c2d,Jd3d,50,48,2
2c2d,Jd3h,53,46,1
2c2d,Jd3c,52,46,2
2c2d,Jd2s,65,32,3
2c2d,Jd2h,65,32,3
2c2d,JsJc,18,81,1
2c2d,JsJh,19,81,0
2c2d,JsJd,18,82,0
2c2d,JsTc,48,51,1
2c2d,JsTh,48,51,1
2c2d,JsTd,47,51,2
2c2d,JsTs,45,53,2
2c2d,Js9s,46,52,2
2c2d,Js9c,49,50,1
2c2d,Js9h,49,49,2
2c2d,Js9d,49,50,1
2c2d,Js8s,48,51,1
2c2d,Js8d,50,49,1
2c2d,Js8h,50,48,2
2c2d,Js8c,50,49,1
2c2d,Js7s,48,51,1
2c2d,Js7d,50,48,2
2c2d,Js7h,51,48,1
2c2d,Js7c,50,48,2
2c2d,Js6s,49,50,1
2c2d,Js6d,52,47,1
2c2d,Js6h,52,46,2
2c2d,Js6c,52,47,1
2c2d,Js5s,49,49,2
2c2d,Js5d,52,46,2
2c2d,Js5h,52,46,2
2c2d,Js5c,52,47,1
2c2d,Js4s,50,49,1
2c2d,Js4d,52,46,2
2c2d,Js4h,52,46,2
2c2d,Js4c,52,46,2
2c2d,Js3s,50,49,1
2c2d,Js3d,53,46,1
2c2d,Js3h,53,46,1
2c2d,Js3c,53,45,2
2c2d,Js2s,61,36,3
2c2d,Js2h,66,32,2
2c2d,TcTh,18,81,1
2c2d,TcTd,17,82,1
2c2d,TcTs,18,82,0
2c2d,Tc9s,48,51,1
2c2d,Tc9c,46,53,1
2c2d,Tc9h,48,50,2
2c2d,Tc9d,47,51,2
2c2d,Tc8s,48,50,2
2c2d,Tc8d,48,50,2
2c2d,Tc8h,49,49,2
2c2d,Tc8c,46,52,2
2c2d,Tc7s,49,49,2
2c2d,Tc7d,49,49,2
2c2d,Tc7h,49,49,2
2c2d,Tc7c,47,51,2
2c2d,Tc6s,50,48,2
2c2d,Tc6d,50,48,2
2c2d,Tc6h,51,47,2
2c2d,Tc6c,48,50,2
2c2d,Tc5s,52,46,2
2c2d,Tc5d,51,47,2
2c2d,Tc5h,52,46,2
2c2d,Tc5c,50,48,2
2c2d,Tc4s,52,46,2
2c2d,Tc4d,52,47,1
2c2d,Tc4h,52,46,2
2c2d,Tc4c,49,49,2
2c2d,Tc3s,52,46,2
2c2d,Tc3d,52,46,2
2c2d,Tc3h,52,46,2
2c2d,Tc3c,50,48,2
2c2d,Tc2s,65,32,3
2c2d,Tc2h,65,32,3
2c2d,ThTc,18,82,0
2c2d,ThTd,18,82,0
2c2d,ThTs,18,81,1
2c2d,Th9s,48,50,2
2c2d,Th9c,48,50,2
2c2d,Th9h,45,53,2
2c2d,Th9d,48,51,1
2c2d,Th8s,49,49,2
2c2d,Th8d,49,49,2
2c2d,Th8h,46,52,2
2c2d,Th8c,48,50,2
2c2d,Th7s,49,49,2
2c2d,Th7d,49,49,2
2c2d,Th7h,47,51,2
2c2d,Th7c,49,49,2
2c2d,Th6s,51,47,2
2c2d,Th6d,51,47,2
2c2d,Th6h,48,50,2
2c2d,Th6c,51,47,2
2c2d,Th5s,52,46,2
2c2d,Th5d,52,46,2
2c2d,Th5h,49,49,2
2c2d,Th5c,52,46,2
2c2d,Th4s,52,46,2
2c2d,Th4d,52,47,1
2c2d,Th4h,49,49,2
2c2d,Th4c,52,46,2
2c2d,Th3s,53,45,2
2c2d,Th3d,52,46,2
2c2d,Th3h,49,49,2
2c2d,Th3c,52,46,2
2c2d,Th2s,65,32,3
2c2d,Th2h,61,36,3
2c2d,TdTc,17,82,1
2c2d,TdTh,18,82,0
2c2d,TdTs,18,82,0
2c2d,Td9s,48,50,2
2c2d,Td9c,47,51,2
2c2d,Td9h,47,51,2
2c2d,Td9d,46,53,1
2c2d,Td8s,49,50,1
2c2d,Td8d,46,52,2
2c2d,Td8h,48,50,2
2c2d,Td8c,48,50,2
2c2d,Td7s,49,49,2
2c2d,Td7d,47,51,2
2c2d,Td7h,49,49,2
2c2d,Td7c,49,49,2
2c2d,Td6s,51,47,2
2c2d,Td6d,48,50,2
2c2d,Td6h,51,47,2
2c2d,Td6c,50,48,2
2c2d,Td5s,52,46,2
2c2d,Td5d,50,48,2
2c2d,Td5h,52,46,2
2c2d,Td5c,51,47,2
2c2d,Td4s,52,46,2
2c2d,Td4d,50,49,1
2c2d,Td4h,52,46,2
2c2d,Td4c,51,47,2
2c2d,Td3s,52,46,2
2c2d,Td3d,50,48,2
2c2d,Td3h,52,46,2
2c2d,Td3c,52,46,2
2c2d,Td2s,65,32,3
2c2d,Td2h,65,31,4
2c2d,TsTc,18,81,1
2c2d,TsTh,18,81,1
2c2d,TsTd,18,82,0
2c2d,Ts9s,45,53,2
2c2d,Ts9c,48,50,2
2c2d,Ts9h,48,50,2
2c2d,Ts9d,48,50,2
2c2d,Ts8s,46,52,2
2c2d,Ts8d,49,49,2
2c2d,Ts8h,49,50,1
2c2d,Ts8c,48,50,2
2c2d,Ts7s,47,51,2
2c2d,Ts7d,49,49,2
2c2d,Ts7h,50,48,2
2c2d,Ts7c,49,49,2
2c2d,Ts6s,48,50,2
2c2d,Ts6d,51,47,2
2c2d,Ts6h,51,47,2
2c2d,Ts6c,51,48,1
2c2d,Ts5s,49,49,2
2c2d,Ts5d,52,46,2
2c2d,Ts5h,52,46,2
2c2d,Ts5c,52,46,2
2c2d,Ts4s,49,49,2
2c2d,Ts4d,52,46,2
2c2d,Ts4h,52,46,2
2c2d,Ts4c,52,47,1
2c2d,Ts3s,50,49,1
2c2d,Ts3d,52,46,2
2c2d,Ts3h,52,46,2
2c2d,Ts3c,52,46,2
2c2d,Ts2s,61,36,3
2c2d,Ts2h,65,32,3
2c2d,9s9c,18,81,1
2c2d,9s9h,19,81,0
2c2d,9s9d,18,82,0
2c2d,9s8s,45,52,3
2c2d,9s8d,48,50,2
2c2d,9s8h,48,50,2
2c2d,9s8c,48,50,2
2c2d,9s7s,46,52,2
2c2d,9s7d,49,49,2
2c2d,9s7h,49,49,2
2c2d,9s7c,48,49,3
2c2d,9s6s,47,51,2
2c2d,9s6d,50,48,2
2c2d,9s6h,50,48,2
2c2d,9s6c,50,48,2
2c2d,9s5s,48,50,2
2c2d,9s5d,51,47,2
2c2d,9s5h,52,46,2
2c2d,9s5c,51,47,2
2c2d,9s4s,50,48,2
2c2d,9s4d,53,45,2
2c2d,9s4h,53,45,2
2c2d,9s4c,52,46,2
2c2d,9s3s,49,48,3
2c2d,9s3d,52,46,2
2c2d,9s3h,53,45,2
2c2d,9s3c,52,45,3
2c2d,9s2s,61,35,4
2c2d,9s2h,65,31,4
2c2d,9c9s,18,81,1
2c2d,9c9h,18,81,1
2c2d,9c9d,17,82,1
2c2d,9c8s,48,50,2
2c2d,9c8d,47,51,2
2c2d,9c8h,48,50,2
2c2d,9c8c,46,52,2
2c2d,9c7s,49,49,2
2c2d,9c7d,48,50,2
2c2d,9c7h,49,49,2
2c2d,9c7c,47,51,2
2c2d,9c6s,50,48,2
2c2d,9c6d,50,48,2
2c2d,9c6h,50,48,2
2c2d,9c6c,48,50,2
2c2d,9c5s,51,46,3
2c2d,9c5d,50,47,3
2c2d,9c5h,51,47,2
2c2d,9c5c,49,49,2
2c2d,9c4s,52,46,2
2c2d,9c4d,52,46,2
2c2d,9c4h,52,45,3
2c2d,9c4c,50,48,2
2c2d,9c3s,52,45,3
2c2d,9c3d,52,46,2
2c2d,9c3h,52,46,2
2c2d,9c3c,50,48,2
2c2d,9c2s,65,31,4
2c2d,9c2h,65,32,3
2c2d,9h9s,18,81,1
2c2d,9h9c,18,81,1
2c2d,9h9d,18,81,1
2c2d,9h8s,48,50,2
2c2d,9h8d,48,50,2
2c2d,9h8h,45,53,2
2c2d,9h8c,48,50,2
2c2d,9h7s,49,49,2
2c2d,9h7d,48,50,2
2c2d,9h7h,46,52,2
2c2d,9h7c,49,49,2
2c2d,9h6s,50,48,2
2c2d,9h6d,50,48,2
2c2d,9h6h,47,51,2
2c2d,9h6c,50,48,2
2c2d,9h5s,52,46,2
2c2d,9h5d,51,46,3
2c2d,9h5h,48,49,3
2c2d,9h5c,51,47,2
2c2d,9h4s,53,45,2
2c2d,9h4d,52,46,2
2c2d,9h4h,50,48,2
2c2d,9h4c,52,45,3
2c2d,9h3s,53,45,2
2c2d,9h3d,52,45,3
2c2d,9h3h,50,48,2
2c2d,9h3c,52,46,2
2c2d,9h2s,65,31,4
2c2d,9h2h,61,35,4
2c2d,9d9s,18,81,1
2c2d,9d9c,17,82,1
2c2d,9d9h,18,81,1
2c2d,9d8s,48,50,2
2c2d,9d8d,46,52,2
2c2d,9d8h,48,50,2
2c2d,9d8c,47,50,3
2c2d,9d7s,48,49,3
2c2d,9d7d,47,51,2
2c2d,9d7h,48,49,3
2c2d,9d7c,48,50,2
2c2d,9d6s,50,48,2
2c2d,9d6d,47,50,3
2c2d,9d6h,50,48,2
2c2d,9d6c,49,49,2
2c2d,9d5s,51,47,2
2c2d,9d5d,49,49,2
2c2d,9d5h,51,47,2
2c2d,9d5c,51,47,2
2c2d,9d4s,52,45,3
2c2d,9d4d,50,48,2
2c2d,9d4h,52,45,3
2c2d,9d4c,52,46,2
2c2d,9d3s,52,46,2
2c2d,9d3d,50,48,2
2c2d,9d3h,52,46,2
2c2d,9d3c,52,46,2
2c2d,9d2s,65,31,4
2c2d,9d2h,65,31,4
2c2d,8s8d,18,81,1
2c2d,8s8h,19,80,1
2c2d,8s8c,18,81,1
2c2d,8s7s,45,52,3
2c2d,8s7d,48,50,2
2c2d,8s7h,48,49,3
2c2d,8s7c,48,50,2
2c2d,8s6s,47,51,2
2c2d,8s6d,49,48,3
2c2d,8s6h,49,48,3
2c2d,8s6c,49,49,2
2c2d,8s5s,48,50,2
2c2d,8s5d,50,47,3
2c2d,8s5h,51,47,2
2c2d,8s5c,50,47,3
2c2d,8s4s,49,49,2
2c2d,8s4d,52,46,2
2c2d,8s4h,52,46,2
2c2d,8s4c,52,46,2
2c2d,8s3s,50,48,2
2c2d,8s3d,53,45,2
2c2d,8s3h,53,44,3
2c2d,8s3c,52,45,3
2c2d,8s2s,61,35,4
2c2d,8s2h,65,31,4
2c2d,8d8s,18,81,1
2c2d,8d8h,18,81,1
2c2d,8d8c,17,82,1
2c2d,8d7s,48,50,2
2c2d,8d7d,46,52,2
2c2d,8d7h,47,50,3
2c2d,8d7c,47,50,3
2c2d,8d6s,49,49,2
2c2d,8d6d,47,51,2
2c2d,8d6h,49,48,3
2c2d,8d6c,49,49,2
2c2d,8d5s,50,47,3
2c2d,8d5d,48,50,2
2c2d,8d5h,51,47,2
2c2d,8d5c,50,48,2
2c2d,8d4s,51,46,3
2c2d,8d4d,49,48,3
2c2d,8d4h,51,46,3
2c2d,8d4c,51,46,3
2c2d,8d3s,53,45,2
2c2d,8d3d,50,47,3
2c2d,8d3h,53,44,3
2c2d,8d3c,52,45,3
2c2d,8d2s,65,31,4
2c2d,8d2h,65,31,4
2c2d,8h8s,18,80,2
2c2d,8h8d,18,81,1
2c2d,8h8c,18,81,1
2c2d,8h7s,48,49,3
2c2d,8h7d,47,50,3
2c2d,8h7h,45,52,3
2c2d,8h7c,48,50,2
2c2d,8h6s,49,48,3
2c2d,8h6d,49,49,2
2c2d,8h6h,47,51,2
2c2d,8h6c,49,49,2
2c2d,8h5s,51,47,2
2c2d,8h5d,50,47,3
2c2d,8h5h,48,50,2
2c2d,8h5c,50,47,3
2c2d,8h4s,52,46,2
2c2d,8h4d,52,46,2
2c2d,8h4h,49,49,2
2c2d,8h4c,51,46,3
2c2d,8h3s,53,44,3
2c2d,8h3d,53,45,2
2c2d,8h3h,50,48,2
2c2d,8h3c,53,45,2
2c2d,8h2s,65,31,4
2c2d,8h2h,61,35,4
2c2d,8c8s,18,81,1
2c2d,8c8d,17,82,1
2c2d,8c8h,18,81,1
2c2d,8c7s,47,50,3
2c2d,8c7d,47,50,3
2c2d,8c7h,48,50,2
2c2d,8c7c,45,52,3
2c2d,8c6s,49,48,3
2c2d,8c6d,48,49,3
2c2d,8c6h,49,48,3
2c2d,8c6c,47,51,2
2c2d,8c5s,50,47,3
2c2d,8c5d,50,48,2
2c2d,8c5h,50,47,3
2c2d,8c5c,48,49,3
2c2d,8c4s,51,46,3
2c2d,8c4d,51,46,3
2c2d,8c4h,52,46,2
2c2d,8c4c,49,49,2
2c2d,8c3s,53,45,2
2c2d,8c3d,52,45,3
2c2d,8c3h,53,45,2
2c2d,8c3c,50,47,3
2c2d,8c2s,65,31,4
2c2d,8c2h,65,31,4
2c2d,7s7d,17,81,2
2c2d,7s7h,18,80,2
2c2d,7s7c,17,81,2
2c2d,7s6s,45,52,3
2c2d,7s6d,48,50,2
2c2d,7s6h,48,49,3
2c2d,7s6c,47,50,3
2c2d,7s5s,46,51,3
2c2d,7s5d,49,48,3
2c2d,7s5h,49,48,3
2c2d,7s5c,49,48,3
2c2d,7s4s,48,50,2
2c2d,7s4d,50,47,3
2c2d,7s4h,50,47,3
2c2d,7s4c,50,47,3
2c2d,7s3s,49,49,2
2c2d,7s3d,51,46,3
2c2d,7s3h,52,45,3
2c2d,7s3c,51,46,3
2c2d,7s2s,62,34,4
2c2d,7s2h,65,30,5
2c2d,7d7s,17,81,2
2c2d,7d7h,17,81,2
2c2d,7d7c,17,82,1
2c2d,7d6s,47,50,3
2c2d,7d6d,46,52,2
2c2d,7d6h,48,50,2
2c2d,7d6c,47,50,3
2c2d,7d5s,49,48,3
2c2d,7d5d,46,51,3
2c2d,7d5h,49,48,3
2c2d,7d5c,48,49,3
2c2d,7d4s,50,47,3
2c2d,7d4d,48,50,2
2c2d,7d4h,50,47,3
2c2d,7d4c,50,47,3
2c2d,7d3s,51,46,3
2c2d,7d3d,49,48,3
2c2d,7d3h,51,46,3
2c2d,7d3c,51,46,3
2c2d,7d2s,65,31,4
2c2d,7d2h,65,31,4
2c2d,7h7s,18,81,1
2c2d,7h7d,17,81,2
2c2d,7h7c,17,81,2
2c2d,7h6s,48,49,3
2c2d,7h6d,47,50,3
2c2d,7h6h,45,52,3
2c2d,7h6c,48,50,2
2c2d,7h5s,49,48,3
2c2d,7h5d,49,48,3
2c2d,7h5h,46,51,3
2c2d,7h5c,49,48,3
2c2d,7h4s,51,47,2
2c2d,7h4d,50,47,3
2c2d,7h4h,48,50,2
2c2d,7h4c,50,47,3
2c2d,7h3s,52,45,3
2c2d,7h3d,52,45,3
2c2d,7h3h,49,48,3
2c2d,7h3c,51,46,3
2c2d,7h2s,65,30,5
2c2d,7h2h,62,34,4
2c2d,7c7s,18,81,1
2c2d,7c7d,17,82,1
2c2d,7c7h,17,81,2
2c2d,7c6s,47,50,3
2c2d,7c6d,47,50,3
2c2d,7c6h,48,50,2
2c2d,7c6c,46,52,2
2c2d,7c5s,49,48,3
2c2d,7c5d,48,49,3
2c2d,7c5h,49,48,3
2c2d,7c5c,47,50,3
2c2d,7c4s,50,47,3
2c2d,7c4d,50,47,3
2c2d,7c4h,50,47,3
2c2d,7c4c,48,50,2
2c2d,7c3s,51,46,3
2c2d,7c3d,51,46,3
2c2d,7c3h,51,46,3
2c2d,7c3c,49,48,3
2c2d,7c2s,65,31,4
2c2d,7c2h,65,31,4
2c2d,6s6d,18,80,2
2c2d,6s6h,18,80,2
2c2d,6s6c,18,80,2
2c2d,6s5s,46,50,4
2c2d,6s5d,49,48,3
2c2d,6s5h,49,48,3
2c2d,6s5c,49,48,3
2c2d,6s4s,47,50,3
2c2d,6s4d,50,47,3
2c2d,6s4h,50,46,4
2c2d,6s4c,50,47,3
2c2d,6s3s,48,48,4
2c2d,6s3d,51,45,4
2c2d,6s3h,52,45,3
2c2d,6s3c,51,46,3
2c2d,6s2s,60,35,5
2c2d,6s2h,64,31,5
2c2d,6d6s,17,81,2
2c2d,6d6h,17,81,2
2c2d,6d6c,17,81,2
2c2d,6d5s,49,48,3
2c2d,6d5d,47,50,3
2c2d,6d5h,49,48,3
2c2d,6d5c,48,48,4
2c2d,6d4s,50,47,3
2c2d,6d4d,48,49,3
2c2d,6d4h,50,47,3
2c2d,6d4c,50,47,3
2c2d,6d3s,51,46,3
2c2d,6d3d,49,48,3
2c2d,6d3h,51,46,3
2c2d,6d3c,51,46,3
2c2d,6d2s,64,32,4
2c2d,6d2h,64,31,5
2c2d,6h6s,18,80,2
2c2d,6h6d,18,80,2
2c2d,6h6c,17,81,2
2c2d,6h5s,49,48,3
2c2d,6h5d,48,48,4
2c2d,6h5h,46,51,3
2c2d,6h5c,49,48,3
2c2d,6h4s,50,47,3
2c2d,6h4d,50,47,3
2c2d,6h4h,47,49,4
2c2d,6h4c,50,47,3
2c2d,6h3s,52,45,3
2c2d,6h3d,51,46,3
2c2d,6h3h,49,48,3
2c2d,6h3c,51,46,3
2c2d,6h2s,64,31,5
2c2d,6h2h,61,35,4
2c2d,6c6s,18,80,2
2c2d,6c6d,17,81,2
2c2d,6c6h,17,81,2
2c2d,6c5s,49,48,3
2c2d,6c5d,48,49,3
2c2d,6c5h,49,48,3
2c2d,6c5c,47,50,3
2c2d,6c4s,50,47,3
2c2d,6c4d,49,47,4
2c2d,6c4h,50,47,3
2c2d,6c4c,48,49,3
2c2d,6c3s,51,46,3
2c2d,6c3d,51,46,3
2c2d,6c3h,51,45,4
2c2d,6c3c,49,48,3
2c2d,6c2s,64,31,5
2c2d,6c2h,64,31,5
2c2d,5s5d,17,80,3
2c2d,5s5h,18,79,3
2c2d,5s5c,17,80,3
2c2d,5s4s,47,50,3
2c2d,5s4d,49,47,4
2c2d,5s4h,50,47,3
2c2d,5s4c,49,47,4
2c2d,5s3s,48,49,3
2c2d,5s3d,50,46,4
2c2d,5s3h,51,45,4
2c2d,5s3c,50,46,4
2c2d,5s2s,59,36,5
2c2d,5s2h,63,32,5
2c2d,5d5s,17,80,3
2c2d,5d5h,17,80,3
2c2d,5d5c,17,81,2
2c2d,5d4s,49,47,4
2c2d,5d4d,47,49,4
2c2d,5d4h,49,47,4
2c2d,5d4c,49,48,3
2c2d,5d3s,51,46,3
2c2d,5d3d,48,48,4
2c2d,5d3h,50,46,4
2c2d,5d3c,50,46,4
2c2d,5d2s,62,33,5
2c2d,5d2h,63,32,5
2c2d,5h5s,18,80,2
2c2d,5h5d,17,80,3
2c2d,5h5c,17,80,3
2c2d,5h4s,50,47,3
2c2d,5h4d,49,47,4
2c2d,5h4h,47,50,3
2c2d,5h4c,49,47,4
2c2d,5h3s,51,45,4
2c2d,5h3d,50,46,4
2c2d,5h3h,48,48,4
2c2d,5h3c,50,46,4
2c2d,5h2s,63,32,5
2c2d,5h2h,59,36,5
2c2d,5c5s,17,80,3
2c2d,5c5d,17,81,2
2c2d,5c5h,17,80,3
2c2d,5c4s,49,47,4
2c2d,5c4d,49,48,3
2c2d,5c4h,49,47,4
2c2d,5c4c,47,49,4
2c2d,5c3s,50,46,4
2c2d,5c3d,50,46,4
2c2d,5c3h,50,46,4
2c2d,5c3c,48,49,3
2c2d,5c2s,63,32,5
2c2d,5c2h,63,32,5
2c2d,4s4d,17,79,4
2c2d,4s4h,18,79,3
2c2d,4s4c,17,79,4
2c2d,4s3s,48,48,4
2c2d,4s3d,51,45,4
2c2d,4s3h,52,45,3
2c2d,4s3c,51,45,4
2c2d,4s2s,60,35,5
2c2d,4s2h,63,31,6
2c2d,4d4s,17,79,4
2c2d,4d4h,17,79,4
2c2d,4d4c,16,80,4
2c2d,4d3s,51,45,4
2c2d,4d3d,48,48,4
2c2d,4d3h,51,45,4
2c2d,4d3c,50,46,4
2c2d,4d2s,63,31,6
2c2d,4d2h,63,31,6
2c2d,4h4s,18,79,3
2c2d,4h4d,17,79,4
2c2d,4h4c,17,79,4
2c2d,4h3s,51,45,4
2c2d,4h3d,51,45,4
2c2d,4h3h,48,48,4
2c2d,4h3c,51,45,4
2c2d,4h2s,63,31,6
2c2d,4h2h,60,35,5
2c2d,4c4s,17,79,4
2c2d,4c4d,16,80,4
2c2d,4c4h,17,79,4
2c2d,4c3s,51,45,4
2c2d,4c3d,50,46,4
2c2d,4c3h,51,45,4
2c2d,4c3c,49,47,4
2c2d,4c2s,63,31,6
2c2d,4c2h,63,31,6
2c2d,3s3d,17,78,5
2c2d,3s3h,18,77,5
2c2d,3s3c,17,78,5
2c2d,3s2s,60,34,6
2c2d,3s2h,64,30,6
2c2d,3d3s,17,78,5
2c2d,3d3h,17,78,5
2c2d,3d3c,16,79,5
2c2d,3d2s,64,30,6
2c2d,3d2h,63,30,7
2c2d,3h3s,18,77,5
2c2d,3h3d,17,78,5
2c2d,3h3c,17,78,5
2c2d,3h2s,64,30,6
2c2d,3h2h,60,34,6
2c2d,3c3s,17,78,5
2c2d,3c3d,16,79,5
2c2d,3c3h,17,78,5
2c2d,3c2s,63,30,7
2c2d,3c2h,64,30,6
2c2d,2s2h,2,2,96
2c2d,2h2s,2,2,96
2c2h,AcAh,17,83,0
2c2h,AcAd,18,82,0
2c2h,AcAs,18,82,0
2c2h,AcKc,50,49,1
2c2h,AcKh,52,48,0
2c2h,AcKd,52,47,1
2c2h,AcKs,52,47,1
2c2h,AcQc,50,49,1
2c2h,AcQh,52,48,0
2c2h,AcQd,52,47,1
2c2h,AcQs,52,47,1
2c2h,AcJc,49,50,1
2c2h,AcJh,51,48,1
2c2h,AcJd,52,48,0
2c2h,AcJs,52,48,0
2c2h,AcTc,49,51,0
2c2h,AcTh,51,49,0
2c2h,AcTd,51,48,1
2c2h,AcTs,51,48,1
2c2h,Ac9s,53,47,0
2c2h,Ac9c,50,49,1
2c2h,Ac9h,52,47,1
2c2h,Ac9d,53,47,0
2c2h,Ac8s,52,47,1
2c2h,Ac8d,52,47,1
2c2h,Ac8h,52,48,0
2c2h,Ac8c,50,50,0
2c2h,Ac7s,52,47,1
2c2h,Ac7d,52,47,1
2c2h,Ac7h,52,48,0
2c2h,Ac7c,50,50,0
2c2h,Ac6s,53,47,0
2c2h,Ac6d,53,46,1
2c2h,Ac6h,52,47,1
2c2h,Ac6c,50,49,1
2c2h,Ac5s,52,47,1
2c2h,Ac5d,52,47,1
2c2h,Ac5h,52,48,0
2c2h,Ac5c,50,50,0
2c2h,Ac4s,52,47,1
2c2h,Ac4d,52,47,1
2c2h,Ac4h,52,47,1
2c2h,Ac4c,50,49,1
2c2h,Ac3s,53,47,0
2c2h,Ac3d,53,46,1
2c2h,Ac3h,52,47,1
2c2h,Ac3c,50,49,1
2c2h,Ac2s,65,33,2
2c2h,Ac2d,65,33,2
2c2h,AhAc,17,83,0
2c2h,AhAd,18,82,0
2c2h,AhAs,17,82,1
2c2h,AhKc,52,48,0
2c2h,AhKh,50,49,1
2c2h,AhKd,53,47,0
2c2h,AhKs,52,47,1
2c2h,AhQc,51,48,1
2c2h,AhQh,50,50,0
2c2h,AhQd,52,47,1
2c2h,AhQs,52,47,1
2c2h,AhJc,51,48,1
2c2h,AhJh,49,50,1
2c2h,AhJd,52,48,0
2c2h,AhJs,51,48,1
2c2h,AhTc,51,48,1
2c2h,AhTh,49,51,0
2c2h,AhTd,51,48,1
2c2h,AhTs,51,48,1
2c2h,Ah9s,53,47,0
2c2h,Ah9c,52,47,1
2c2h,Ah9h,50,49,1
2c2h,Ah9d,53,47,0
2c2h,Ah8s,52,47,1
2c2h,Ah8d,52,47,1
2c2h,Ah8h,50,50,0
2c2h,Ah8c,52,47,1
2c2h,Ah7s,52,47,1
2c2h,Ah7d,52,47,1
2c2h,Ah7h,50,49,1
2c2h,Ah7c,51,48,1
2c2h,Ah6s,53,47,0
2c2h,Ah6d,53,47,0
2c2h,Ah6h,50,49,1
2c2h,Ah6c,53,47,0
2c2h,Ah5s,52,47,1
2c2h,Ah5d,52,47,1
2c2h,Ah5h,50,50,0
2c2h,Ah5c,51,48,1
2c2h,Ah4s,52,47,1
2c2h,Ah4d,52,47,1
2c2h,Ah4h,50,49,1
2c2h,Ah4c,52,47,1
2c2h,Ah3s,53,47,0
2c2h,Ah3d,53,47,0
2c2h,Ah3h,50,49,1
2c2h,Ah3c,52,47,1
2c2h,Ah2s,65,33,2
2c2h,Ah2d,65,33,2
2c2h,AdAc,17,82,1
2c2h,AdAh,18,82,0
2c2h,AdAs,18,81,1
2c2h,AdKc,52,47,1
2c2h,AdKh,52,47,1
2c2h,AdKd,50,50,0
2c2h,AdKs,53,47,0
2c2h,AdQc,52,47,1
2c2h,AdQh,52,47,1
2c2h,AdQd,49,50,1
2c2h,AdQs,52,47,1
2c2h,AdJc,52,48,0
2c2h,AdJh,51,48,1
2c2h,AdJd,49,50,1
2c2h,AdJs,52,47,1
2c2h,AdTc,51,48,1
2c2h,AdTh,51,48,1
2c2h,AdTd,49,51,0
2c2h,AdTs,52,48,0
2c2h,Ad9s,53,46,1
2c2h,Ad9c,53,47,0
2c2h,Ad9h,52,47,1
2c2h,Ad9d,50,50,0
2c2h,Ad8s,53,47,0
2c2h,Ad8d,50,50,0
2c2h,Ad8h,52,47,1
2c2h,Ad8c,52,47,1
2c2h,Ad7s,53,47,0
2c2h,Ad7d,49,50,1
2c2h,Ad7h,52,48,0
2c2h,Ad7c,52,47,1
2c2h,Ad6s,53,46,1
2c2h,Ad6d,50,49,1
2c2h,Ad6h,53,46,1
2c2h,Ad6c,53,46,1
2c2h,Ad5s,52,47,1
2c2h,Ad5d,49,50,1
2c2h,Ad5h,52,47,1
2c2h,Ad5c,52,48,0
2c2h,Ad4s,53,47,0
2c2h,Ad4d,49,50,1
2c2h,Ad4h,53,47,0
2c2h,Ad4c,52,47,1
2c2h,Ad3s,53,46,1
2c2h,Ad3d,50,49,1
2c2h,Ad3h,53,46,1
2c2h,Ad3c,53,47,0
2c2h,Ad2s,65,33,2
2c2h,Ad2d,61,37,2
2c2h,AsAc,17,82,1
2c2h,AsAh,17,82,1
2c2h,AsAd,18,81,1
2c2h,AsKc,52,47,1
2c2h,AsKh,53,47,0
2c2h,AsKd,53,47,0
2c2h,AsKs,50,50,0
2c2h,AsQc,52,47,1
2c2h,AsQh,52,48,0
2c2h,AsQd,52,47,1
2c2h,AsQs,49,50,1
2c2h,AsJc,52,48,0
2c2h,AsJh,51,48,1
2c2h,AsJd,52,47,1
2c2h,AsJs,49,50,1
2c2h,AsTc,51,48,1
2c2h,AsTh,51,48,1
2c2h,AsTd,52,48,0
2c2h,AsTs,49,51,0
2c2h,As9s,50,50,0
2c2h,As9c,52,47,1
2c2h,As9h,53,47,0
2c2h,As9d,53,47,0
2c2h,As8s,49,50,1
2c2h,As8d,52,47,1
2c2h,As8h,52,47,1
2c2h,As8c,52,47,1
2c2h,As7s,49,50,1
2c2h,As7d,52,47,1
2c2h,As7h,52,47,1
2c2h,As7c,52,47,1
2c2h,As6s,50,49,1
2c2h,As6d,53,46,1
2c2h,As6h,53,46,1
2c2h,As6c,53,47,0
2c2h,As5s,49,50,1
2c2h,As5d,52,47,1
2c2h,As5h,52,47,1
2c2h,As5c,52,47,1
2c2h,As4s,50,50,0
2c2h,As4d,53,47,0
2c2h,As4h,52,47,1
2c2h,As4c,52,47,1
2c2h,As3s,50,49,1
2c2h,As3d,53,46,1
2c2h,As3h,53,46,1
2c2h,As3c,53,47,0
2c2h,As2s,61,37,2
2c2h,As2d,65,33,2
2c2h,KcKh,17,82,1
2c2h,KcKd,18,82,0
2c2h,KcKs,18,82,0
2c2h,KcQc,49,50,1
2c2h,KcQh,50,49,1
2c2h,KcQd,51,48,1
2c2h,KcQs,51,48,1
2c2h,KcJc,48,51,1
2c2h,KcJh,50,49,1
2c2h,KcJd,51,48,1
2c2h,KcJs,50,49,1
2c2h,KcTc,48,51,1
2c2h,KcTh,49,50,1
2c2h,KcTd,50,49,1
2c2h,KcTs,50,49,1
2c2h,Kc9s,51,48,1
2c2h,Kc9c,49,50,1
2c2h,Kc9h,51,48,1
2c2h,Kc9d,52,48,0
2c2h,Kc8s,52,47,1
2c2h,Kc8d,52,47,1
2c2h,Kc8h,51,48,1
2c2h,Kc8c,50,49,1
2c2h,Kc7s,52,48,0
2c2h,Kc7d,52,48,0
2c2h,Kc7h,51,48,1
2c2h,Kc7c,49,50,1
2c2h,Kc6s,52,47,1
2c2h,Kc6d,52,47,1
2c2h,Kc6h,52,47,1
2c2h,Kc6c,49,50,1
2c2h,Kc5s,53,47,0
2c2h,Kc5d,53,46,1
2c2h,Kc5h,52,47,1
2c2h,Kc5c,50,49,1
2c2h,Kc4s,53,46,1
2c2h,Kc4d,53,46,1
2c2h,Kc4h,52,47,1
2c2h,Kc4c,50,49,1
2c2h,Kc3s,53,46,1
2c2h,Kc3d,53,46,1
2c2h,Kc3h,53,46,1
2c2h,Kc3c,51,48,1
2c2h,Kc2s,66,32,2
2c2h,Kc2d,66,32,2
2c2h,KhKc,17,82,1
2c2h,KhKd,18,81,1
2c2h,KhKs,18,81,1
2c2h,KhQc,50,49,1
2c2h,KhQh,49,50,1
2c2h,KhQd,50,49,1
2c2h,KhQs,51,48,1
2c2h,KhJc,50,49,1
2c2h,KhJh,48,51,1
2c2h,KhJd,50,49,1
2c2h,KhJs,50,49,1
2c2h,KhTc,49,50,1
2c2h,KhTh,48,52,0
2c2h,KhTd,50,49,1
2c2h,KhTs,50,49,1
2c2h,Kh9s,51,48,1
2c2h,Kh9c,51,48,1
2c2h,Kh9h,49,50,1
2c2h,Kh9d,51,48,1
2c2h,Kh8s,52,47,1
2c2h,Kh8d,52,47,1
2c2h,Kh8h,50,49,1
2c2h,Kh8c,52,47,1
2c2h,Kh7s,52,47,1
2c2h,Kh7d,52,47,1
2c2h,Kh7h,49,50,1
2c2h,Kh7c,51,48,1
2c2h,Kh6s,52,47,1
2c2h,Kh6d,52,47,1
2c2h,Kh6h,50,49,1
2c2h,Kh6c,52,47,1
2c2h,Kh5s,53,46,1
2c2h,Kh5d,53,46,1
2c2h,Kh5h,50,49,1
2c2h,Kh5c,52,47,1
2c2h,Kh4s,53,46,1
2c2h,Kh4d,53,46,1
2c2h,Kh4h,50,49,1
2c2h,Kh4c,53,46,1
2c2h,Kh3s,53,46,1
2c2h,Kh3d,53,46,1
2c2h,Kh3h,51,48,1
2c2h,Kh3c,53,46,1
2c2h,Kh2s,66,32,2
2c2h,Kh2d,66,32,2
2c2h,KdKc,18,82,0
2c2h,KdKh,18,82,0
2c2h,KdKs,19,81,0
2c2h,KdQc,51,48,1
2c2h,KdQh,51,48,1
2c2h,KdQd,48,51,1
2c2h,KdQs,51,48,1
2c2h,KdJc,50,49,1
2c2h,KdJh,50,49,1
2c2h,KdJd,47,52,1
2c2h,KdJs,51,48,1
2c2h,KdTc,50,49,1
2c2h,KdTh,50,49,1
2c2h,KdTd,48,52,0
2c2h,KdTs,51,49,0
2c2h,Kd9s,52,47,1
2c2h,Kd9c,51,48,1
2c2h,Kd9h,51,48,1
2c2h,Kd9d,49,50,1
2c2h,Kd8s,53,47,0
2c2h,Kd8d,49,50,1
2c2h,Kd8h,52,47,1
2c2h,Kd8c,52,47,1
2c2h,Kd7s,52,47,1
2c2h,Kd7d,49,50,1
2c2h,Kd7h,52,47,1
2c2h,Kd7c,52,47,1
2c2h,Kd6s,53,47,0
2c2h,Kd6d,49,50,1
2c2h,Kd6h,52,47,1
2c2h,Kd6c,52,47,1
2c2h,Kd5s,53,46,1
2c2h,Kd5d,50,49,1
2c2h,Kd5h,53,46,1
2c2h,Kd5c,53,47,0
2c2h,Kd4s,53,46,1
2c2h,Kd4d,50,49,1
2c2h,Kd4h,53,46,1
2c2h,Kd4c,53,46,1
2c2h,Kd3s,54,45,1
2c2h,Kd3d,50,49,1
2c2h,Kd3h,53,46,1
2c2h,Kd3c,53,46,1
2c2h,Kd2s,66,32,2
2c2h,Kd2d,62,36,2
2c2h,KsKc,18,81,1
2c2h,KsKh,18,81,1
2c2h,KsKd,18,81,1
2c2h,KsQc,51,48,1
2c2h,KsQh,51,48,1
2c2h,KsQd,51,48,1
2c2h,KsQs,48,51,1
2c2h,KsJc,50,49,1
2c2h,KsJh,51,49,0
2c2h,KsJd,51,48,1
2c2h,KsJs,48,51,1
2c2h,KsTc,50,49,1
2c2h,KsTh,50,49,1
2c2h,KsTd,51,48,1
2c2h,KsTs,48,52,0
2c2h,Ks9s,49,50,1
2c2h,Ks9c,51,48,1
2c2h,Ks9h,51,48,1
2c2h,Ks9d,51,48,1
2c2h,Ks8s,50,49,1
2c2h,Ks8d,53,47,0
2c2h,Ks8h,52,47,1
2c2h,Ks8c,52,47,1
2c2h,Ks7s,49,50,1
2c2h,Ks7d,52,47,1
2c2h,Ks7h,52,48,0
2c2h,Ks7c,52,47,1
2c2h,Ks6s,49,50,1
2c2h,Ks6d,53,46,1
2c2h,Ks6h,52,47,1
2c2h,Ks6c,52,47,1
2c2h,Ks5s,50,49,1
2c2h,Ks5d,53,46,1
2c2h,Ks5h,53,47,0
2c2h,Ks5c,53,46,1
2c2h,Ks4s,50,49,1
2c2h,Ks4d,53,46,1
2c2h,Ks4h,53,46,1
2c2h,Ks4c,53,46,1
2c2h,Ks3s,51,48,1
2c2h,Ks3d,54,45,1
2c2h,Ks3h,53,46,1
2c2h,Ks3c,53,46,1
2c2h,Ks2s,62,36,2
2c2h,Ks2d,66,32,2
2c2h,QcQh,17,82,1
2c2h,QcQd,18,82,0
2c2h,QcQs,18,81,1
2c2h,QcJc,47,52,1
2c2h,QcJh,49,50,1
2c2h,QcJd,49,50,1
2c2h,QcJs,49,49,2
2c2h,QcTc,47,52,1
2c2h,QcTh,48,51,1
2c2h,QcTd,49,50,1
2c2h,QcTs,49,50,1
2c2h,Qc9s,50,49,1
2c2h,Qc9c,48,51,1
2c2h,Qc9h,50,49,1
2c2h,Qc9d,50,49,1
2c2h,Qc8s,51,48,1
2c2h,Qc8d,51,48,1
2c2h,Qc8h,51,48,1
2c2h,Qc8c,49,50,1
2c2h,Qc7s,51,48,1
2c2h,Qc7d,52,47,1
2c2h,Qc7h,51,47,2
2c2h,Qc7c,50,49,1
2c2h,Qc6s,52,47,1
2c2h,Qc6d,52,47,1
2c2h,Qc6h,51,47,2
2c2h,Qc6c,50,49,1
2c2h,Qc5s,52,46,2
2c2h,Qc5d,52,46,2
2c2h,Qc5h,52,47,1
2c2h,Qc5c,50,49,1
2c2h,Qc4s,53,46,1
2c2h,Qc4d,53,46,1
2c2h,Qc4h,52,46,2
2c2h,Qc4c,50,49,1
2c2h,Qc3s,53,46,1
2c2h,Qc3d,53,46,1
2c2h,Qc3h,53,46,1
2c2h,Qc3c,51,48,1
2c2h,Qc2s,66,32,2
2c2h,Qc2d,66,32,2
2c2h,QhQc,17,82,1
2c2h,QhQd,18,82,0
2c2h,QhQs,18,82,0
2c2h,QhJc,49,50,1
2c2h,QhJh,47,52,1
2c2h,QhJd,49,49,2
2c2h,QhJs,49,50,1
2c2h,QhTc,48,51,1
2c2h,QhTh,47,52,1
2c2h,QhTd,49,50,1
2c2h,QhTs,48,50,2
2c2h,Qh9s,50,49,1
2c2h,Qh9c,50,49,1
2c2h,Qh9h,48,51,1
2c2h,Qh9d,50,49,1
2c2h,Qh8s,51,48,1
2c2h,Qh8d,51,48,1
2c2h,Qh8h,49,50,1
2c2h,Qh8c,50,48,2
2c2h,Qh7s,52,47,1
2c2h,Qh7d,52,47,1
2c2h,Qh7h,49,50,1
2c2h,Qh7c,51,48,1
2c2h,Qh6s,52,47,1
2c2h,Qh6d,52,47,1
2c2h,Qh6h,49,49,2
2c2h,Qh6c,51,47,2
2c2h,Qh5s,52,47,1
2c2h,Qh5d,52,46,2
2c2h,Qh5h,50,49,1
2c2h,Qh5c,52,47,1
2c2h,Qh4s,53,46,1
2c2h,Qh4d,52,46,2
2c2h,Qh4h,50,49,1
2c2h,Qh4c,52,46,2
2c2h,Qh3s,53,46,1
2c2h,Qh3d,53,46,1
2c2h,Qh3h,51,48,1
2c2h,Qh3c,53,46,1
2c2h,Qh2s,66,32,2
2c2h,Qh2d,66,32,2
2c2h,QdQc,18,82,0
2c2h,QdQh,18,82,0
2c2h,QdQs,19,81,0
2c2h,QdJc,49,50,1
2c2h,QdJh,50,49,1
2c2h,QdJd,47,52,1
2c2h,QdJs,50,49,1
2c2h,QdTc,49,50,1
2c2h,QdTh,49,50,1
2c2h,QdTd,46,53,1
2c2h,QdTs,49,50,1
2c2h,Qd9s,51,48,1
2c2h,Qd9c,50,49,1
2c2h,Qd9h,50,49,1
2c2h,Qd9d,48,51,1
2c2h,Qd8s,51,48,1
2c2h,Qd8d,48,51,1
2c2h,Qd8h,51,48,1
2c2h,Qd8c,51,48,1
2c2h,Qd7s,52,46,2
2c2h,Qd7d,49,50,1
2c2h,Qd7h,52,47,1
2c2h,Qd7c,52,47,1
2c2h,Qd6s,52,47,1
2c2h,Qd6d,49,50,1
2c2h,Qd6h,52,47,1
2c2h,Qd6c,52,47,1
2c2h,Qd5s,53,46,1
2c2h,Qd5d,50,49,1
2c2h,Qd5h,52,47,1
2c2h,Qd5c,52,47,1
2c2h,Qd4s,53,46,1
2c2h,Qd4d,50,49,1
2c2h,Qd4h,52,46,2
2c2h,Qd4c,53,46,1
2c2h,Qd3s,54,45,1
2c2h,Qd3d,50,49,1
2c2h,Qd3h,53,46,1
2c2h,Qd3c,53,45,2
2c2h,Qd2s,66,31,3
2c2h,Qd2d,62,36,2
2c2h,QsQc,18,82,0
2c2h,QsQh,18,82,0
2c2h,QsQd,19,81,0
2c2h,QsJc,49,50,1
2c2h,QsJh,49,50,1
2c2h,QsJd,50,49,1
2c2h,QsJs,47,52,1
2c2h,QsTc,49,50,1
2c2h,QsTh,49,50,1
2c2h,QsTd,49,50,1
2c2h,QsTs,46,53,1
2c2h,Qs9s,48,51,1
2c2h,Qs9c,50,49,1
2c2h,Qs9h,50,48,2
2c2h,Qs9d,50,49,1
2c2h,Qs8s,49,50,1
2c2h,Qs8d,52,47,1
2c2h,Qs8h,51,48,1
2c2h,Qs8c,51,48,1
2c2h,Qs7s,49,50,1
2c2h,Qs7d,52,47,1
2c2h,Qs7h,51,47,2
2c2h,Qs7c,52,47,1
2c2h,Qs6s,49,50,1
2c2h,Qs6d,52,46,2
2c2h,Qs6h,52,47,1
2c2h,Qs6c,52,47,1
2c2h,Qs5s,50,49,1
2c2h,Qs5d,53,46,1
2c2h,Qs5h,52,46,2
2c2h,Qs5c,52,47,1
2c2h,Qs4s,50,49,1
2c2h,Qs4d,53,46,1
2c2h,Qs4h,53,46,1
2c2h,Qs4c,52,46,2
2c2h,Qs3s,50,49,1
2c2h,Qs3d,53,45,2
2c2h,Qs3h,53,46,1
2c2h,Qs3c,53,46,1
2c2h,Qs2s,62,36,2
2c2h,Qs2d,66,32,2
2c2h,JcJh,17,82,1
2c2h,JcJd,18,81,1
2c2h,JcJs,18,82,0
2c2h,JcTc,46,53,1
2c2h,JcTh,47,52,1
2c2h,JcTd,47,51,2
2c2h,JcTs,47,51,2
2c2h,Jc9s,49,50,1
2c2h,Jc9c,47,52,1
2c2h,Jc9h,49,50,1
2c2h,Jc9d,49,49,2
2c2h,Jc8s,50,49,1
2c2h,Jc8d,50,49,1
2c2h,Jc8h,49,49,2
2c2h,Jc8c,48,51,1
2c2h,Jc7s,51,48,1
2c2h,Jc7d,51,48,1
2c2h,Jc7h,50,48,2
2c2h,Jc7c,48,50,2
2c2h,Jc6s,52,47,1
2c2h,Jc6d,52,47,1
2c2h,Jc6h,51,47,2
2c2h,Jc6c,49,49,2
2c2h,Jc5s,52,46,2
2c2h,Jc5d,52,47,1
2c2h,Jc5h,52,47,1
2c2h,Jc5c,50,49,1
2c2h,Jc4s,52,46,2
2c2h,Jc4d,52,46,2
2c2h,Jc4h,52,47,1
2c2h,Jc4c,50,49,1
2c2h,Jc3s,53,46,1
2c2h,Jc3d,53,46,1
2c2h,Jc3h,52,46,2
2c2h,Jc3c,50,48,2
2c2h,Jc2s,65,32,3
2c2h,Jc2d,65,32,3
2c2h,JhJc,17,82,1
2c2h,JhJd,18,82,0
2c2h,JhJs,18,82,0
2c2h,JhTc,48,51,1
2c2h,JhTh,46,53,1
2c2h,JhTd,48,51,1
2c2h,JhTs,48,51,1
2c2h,Jh9s,49,50,1
2c2h,Jh9c,48,50,2
2c2h,Jh9h,47,52,1
2c2h,Jh9d,49,50,1
2c2h,Jh8s,50,49,1
2c2h,Jh8d,50,49,1
2c2h,Jh8h,47,51,2
2c2h,Jh8c,49,49,2
2c2h,Jh7s,51,48,1
2c2h,Jh7d,50,48,2
2c2h,Jh7h,48,51,1
2c2h,Jh7c,50,48,2
2c2h,Jh6s,52,47,1
2c2h,Jh6d,52,47,1
2c2h,Jh6h,50,49,1
2c2h,Jh6c,52,47,1
2c2h,Jh5s,52,47,1
2c2h,Jh5d,52,46,2
2c2h,Jh5h,50,49,1
2c2h,Jh5c,52,47,1
2c2h,Jh4s,52,46,2
2c2h,Jh4d,52,46,2
2c2h,Jh4h,50,49,1
2c2h,Jh4c,52,47,1
2c2h,Jh3s,52,46,2
2c2h,Jh3d,53,46,1
2c2h,Jh3h,50,48,2
2c2h,Jh3c,52,46,2
2c2h,Jh2s,65,32,3
2c2h,Jh2d,65,32,3
2c2h,JdJc,18,82,0
2c2h,JdJh,18,82,0
2c2h,JdJs,19,81,0
2c2h,JdTc,48,51,1
2c2h,JdTh,47,51,2
2c2h,JdTd,45,53,2
2c2h,JdTs,48,51,1
2c2h,Jd9s,50,49,1
2c2h,Jd9c,49,50,1
2c2h,Jd9h,49,50,1
2c2h,Jd9d,46,52,2
2c2h,Jd8s,50,48,2
2c2h,Jd8d,47,51,2
2c2h,Jd8h,50,49,1
2c2h,Jd8c,50,49,1
2c2h,Jd7s,51,48,1
2c2h,Jd7d,48,51,1
2c2h,Jd7h,50,48,2
2c2h,Jd7c,51,48,1
2c2h,Jd6s,52,46,2
2c2h,Jd6d,49,49,2
2c2h,Jd6h,52,47,1
2c2h,Jd6c,52,47,1
2c2h,Jd5s,53,46,1
2c2h,Jd5d,49,49,2
2c2h,Jd5h,52,46,2
2c2h,Jd5c,52,47,1
2c2h,Jd4s,53,46,1
2c2h,Jd4d,49,49,2
2c2h,Jd4h,52,47,1
2c2h,Jd4c,52,46,2
2c2h,Jd3s,53,45,2
2c2h,Jd3d,50,49,1
2c2h,Jd3h,52,46,2
2c2h,Jd3c,52,46,2
2c2h,Jd2s,66,31,3
2c2h,Jd2d,62,36,2
2c2h,JsJc,18,82,0
2c2h,JsJh,18,82,0
2c2h,JsJd,18,81,1
2c2h,JsTc,48,51,1
2c2h,JsTh,48,51,1
2c2h,JsTd,48,51,1
2c2h,JsTs,45,53,2
2c2h,Js9s,46,52,2
2c2h,Js9c,49,50,1
2c2h,Js9h,49,50,1
2c2h,Js9d,50,49,1
2c2h,Js8s,48,51,1
2c2h,Js8d,50,49,1
2c2h,Js8h,50,49,1
2c2h,Js8c,50,49,1
2c2h,Js7s,48,51,1
2c2h,Js7d,51,48,1
2c2h,Js7h,51,48,1
2c2h,Js7c,50,48,2
2c2h,Js6s,49,50,1
2c2h,Js6d,52,46,2
2c2h,Js6h,52,47,1
2c2h,Js6c,52,47,1
2c2h,Js5s,49,49,2
2c2h,Js5d,53,46,1
2c2h,Js5h,52,46,2
2c2h,Js5c,52,47,1
2c2h,Js4s,50,49,1
2c2h,Js4d,53,46,1
2c2h,Js4h,52,46,2
2c2h,Js4c,52,46,2
2c2h,Js3s,50,49,1
2c2h,Js3d,53,46,1
2c2h,Js3h,53,46,1
2c2h,Js3c,53,46,1
2c2h,Js2s,61,36,3
2c2h,Js2d,65,32,3
2c2h,TcTh,17,82,1
2c2h,TcTd,18,82,0
2c2h,TcTs,18,82,0
2c2h,Tc9s,48,50,2
2c2h,Tc9c,46,53,1
2c2h,Tc9h,47,51,2
2c2h,Tc9d,48,50,2
2c2h,Tc8s,48,50,2
2c2h,Tc8d,49,50,1
2c2h,Tc8h,48,50,2
2c2h,Tc8c,46,52,2
2c2h,Tc7s,49,49,2
2c2h,Tc7d,49,49,2
2c2h,Tc7h,49,49,2
2c2h,Tc7c,47,51,2
2c2h,Tc6s,51,47,2
2c2h,Tc6d,50,48,2
2c2h,Tc6h,50,48,2
2c2h,Tc6c,48,50,2
2c2h,Tc5s,52,46,2
2c2h,Tc5d,52,46,2
2c2h,Tc5h,51,47,2
2c2h,Tc5c,50,48,2
2c2h,Tc4s,52,46,2
2c2h,Tc4d,52,46,2
2c2h,Tc4h,51,47,2
2c2h,Tc4c,50,49,1
2c2h,Tc3s,52,46,2
2c2h,Tc3d,52,46,2
2c2h,Tc3h,52,46,2
2c2h,Tc3c,50,48,2
2c2h,Tc2s,65,31,4
2c2h,Tc2d,64,32,4
2c2h,ThTc,17,82,1
2c2h,ThTd,18,82,0
2c2h,ThTs,18,82,0
2c2h,Th9s,48,50,2
2c2h,Th9c,47,51,2
2c2h,Th9h,46,53,1
2c2h,Th9d,47,51,2
2c2h,Th8s,49,50,1
2c2h,Th8d,49,50,1
2c2h,Th8h,47,52,1
2c2h,Th8c,48,50,2
2c2h,Th7s,49,49,2
2c2h,Th7d,49,49,2
2c2h,Th7h,47,51,2
2c2h,Th7c,49,49,2
2c2h,Th6s,51,48,1
2c2h,Th6d,51,48,1
2c2h,Th6h,48,50,2
2c2h,Th6c,50,48,2
2c2h,Th5s,52,46,2
2c2h,Th5d,52,46,2
2c2h,Th5h,50,49,1
2c2h,Th5c,51,47,2
2c2h,Th4s,52,46,2
2c2h,Th4d,52,46,2
2c2h,Th4h,50,49,1
2c2h,Th4c,51,47,2
2c2h,Th3s,52,46,2
2c2h,Th3d,52,46,2
2c2h,Th3h,50,49,1
2c2h,Th3c,52,46,2
2c2h,Th2s,65,32,3
2c2h,Th2d,65,32,3
2c2h,TdTc,18,82,0
2c2h,TdTh,18,82,0
2c2h,TdTs,19,81,0
2c2h,Td9s,48,50,2
2c2h,Td9c,48,51,1
2c2h,Td9h,48,50,2
2c2h,Td9d,45,53,2
2c2h,Td8s,49,49,2
2c2h,Td8d,46,52,2
2c2h,Td8h,48,50,2
2c2h,Td8c,48,50,2
2c2h,Td7s,50,48,2
2c2h,Td7d,47,51,2
2c2h,Td7h,49,49,2
2c2h,Td7c,49,49,2
2c2h,Td6s,51,47,2
2c2h,Td6d,48,50,2
2c2h,Td6h,51,47,2
2c2h,Td6c,51,48,1
2c2h,Td5s,52,46,2
2c2h,Td5d,49,49,2
2c2h,Td5h,52,46,2
2c2h,Td5c,52,46,2
2c2h,Td4s,52,46,2
2c2h,Td4d,49,49,2
2c2h,Td4h,52,46,2
2c2h,Td4c,52,46,2
2c2h,Td3s,52,46,2
2c2h,Td3d,49,49,2
2c2h,Td3h,52,46,2
2c2h,Td3c,52,46,2
2c2h,Td2s,65,31,4
2c2h,Td2d,61,36,3
2c2h,TsTc,18,82,0
2c2h,TsTh,18,81,1
2c2h,TsTd,18,81,1
2c2h,Ts9s,45,53,2
2c2h,Ts9c,48,51,1
2c2h,Ts9h,48,51,1
2c2h,Ts9d,48,50,2
2c2h,Ts8s,46,52,2
2c2h,Ts8d,49,49,2
2c2h,Ts8h,49,49,2
2c2h,Ts8c,49,49,2
2c2h,Ts7s,47,51,2
2c2h,Ts7d,50,49,1
2c2h,Ts7h,49,49,2
2c2h,Ts7c,50,49,1
2c2h,Ts6s,48,50,2
2c2h,Ts6d,51,47,2
2c2h,Ts6h,51,48,1
2c2h,Ts6c,50,48,2
2c2h,Ts5s,49,49,2
2c2h,Ts5d,52,46,2
2c2h,Ts5h,52,46,2
2c2h,Ts5c,52,46,2
2c2h,Ts4s,49,49,2
2c2h,Ts4d,52,46,2
2c2h,Ts4h,52,46,2
2c2h,Ts4c,52,46,2
2c2h,Ts3s,49,49,2
2c2h,Ts3d,53,45,2
2c2h,Ts3h,52,46,2
2c2h,Ts3c,52,46,2
2c2h,Ts2s,61,36,3
2c2h,Ts2d,65,32,3
2c2h,9s9c,18,81,1
2c2h,9s9h,18,81,1
2c2h,9s9d,19,81,0
2c2h,9s8s,46,52,2
2c2h,9s8d,48,50,2
2c2h,9s8h,48,50,2
2c2h,9s8c,48,50,2
2c2h,9s7s,46,52,2
2c2h,9s7d,49,49,2
2c2h,9s7h,48,49,3
2c2h,9s7c,49,49,2
2c2h,9s6s,47,51,2
2c2h,9s6d,50,48,2
2c2h,9s6h,50,48,2
2c2h,9s6c,50,48,2
2c2h,9s5s,49,49,2
2c2h,9s5d,52,46,2
2c2h,9s5h,51,47,2
2c2h,9s5c,51,47,2
2c2h,9s4s,50,48,2
2c2h,9s4d,52,45,3
2c2h,9s4h,52,46,2
2c2h,9s4c,52,46,2
2c2h,9s3s,50,48,2
2c2h,9s3d,53,45,2
2c2h,9s3h,52,46,2
2c2h,9s3c,52,45,3
2c2h,9s2s,61,35,4
2c2h,9s2d,65,31,4
2c2h,9c9s,18,82,0
2c2h,9c9h,17,82,1
2c2h,9c9d,18,81,1
2c2h,9c8s,48,50,2
2c2h,9c8d,48,50,2
2c2h,9c8h,47,51,2
2c2h,9c8c,46,52,2
2c2h,9c7s,49,49,2
2c2h,9c7d,48,50,2
2c2h,9c7h,48,50,2
2c2h,9c7c,46,52,2
2c2h,9c6s,50,48,2
2c2h,9c6d,50,48,2
2c2h,9c6h,49,48,3
2c2h,9c6c,48,50,2
2c2h,9c5s,51,47,2
2c2h,9c5d,51,47,2
2c2h,9c5h,51,47,2
2c2h,9c5c,49,49,2
2c2h,9c4s,52,45,3
2c2h,9c4d,52,46,2
2c2h,9c4h,52,46,2
2c2h,9c4c,50,48,2
2c2h,9c3s,52,46,2
2c2h,9c3d,52,45,3
2c2h,9c3h,52,46,2
2c2h,9c3c,50,48,2
2c2h,9c2s,65,31,4
2c2h,9c2d,65,32,3
2c2h,9h9s,18,81,1
2c2h,9h9c,17,82,1
2c2h,9h9d,18,81,1
2c2h,9h8s,48,50,2
2c2h,9h8d,48,50,2
2c2h,9h8h,46,52,2
2c2h,9h8c,47,51,2
2c2h,9h7s,49,49,2
2c2h,9h7d,48,50,2
2c2h,9h7h,47,51,2
2c2h,9h7c,48,50,2
2c2h,9h6s,50,48,2
2c2h,9h6d,50,48,2
2c2h,9h6h,48,50,2
2c2h,9h6c,49,48,3
2c2h,9h5s,51,47,2
2c2h,9h5d,51,47,2
2c2h,9h5h,48,49,3
2c2h,9h5c,51,47,2
2c2h,9h4s,52,46,2
2c2h,9h4d,52,46,2
2c2h,9h4h,50,48,2
2c2h,9h4c,52,46,2
2c2h,9h3s,52,46,2
2c2h,9h3d,52,45,3
2c2h,9h3h,50,48,2
2c2h,9h3c,52,46,2
2c2h,9h2s,65,31,4
2c2h,9h2d,65,31,4
2c2h,9d9s,18,81,1
2c2h,9d9c,18,81,1
2c2h,9d9h,18,81,1
2c2h,9d8s,48,50,2
2c2h,9d8d,45,53,2
2c2h,9d8h,48,50,2
2c2h,9d8c,48,50,2
2c2h,9d7s,49,49,2
2c2h,9d7d,46,52,2
2c2h,9d7h,49,49,2
2c2h,9d7c,49,49,2
2c2h,9d6s,50,48,2
2c2h,9d6d,47,51,2
2c2h,9d6h,50,48,2
2c2h,9d6c,49,48,3
2c2h,9d5s,51,46,3
2c2h,9d5d,49,49,2
2c2h,9d5h,51,47,2
2c2h,9d5c,51,47,2
2c2h,9d4s,53,45,2
2c2h,9d4d,50,48,2
2c2h,9d4h,52,45,3
2c2h,9d4c,52,46,2
2c2h,9d3s,53,45,2
2c2h,9d3d,49,48,3
2c2h,9d3h,52,45,3
2c2h,9d3c,52,45,3
2c2h,9d2s,65,31,4
2c2h,9d2d,61,35,4
2c2h,8s8d,19,81,0
2c2h,8s8h,18,81,1
2c2h,8s8c,18,81,1
2c2h,8s7s,45,53,2
2c2h,8s7d,48,49,3
2c2h,8s7h,47,50,3
2c2h,8s7c,48,50,2
2c2h,8s6s,47,51,2
2c2h,8s6d,50,48,2
2c2h,8s6h,49,49,2
2c2h,8s6c,49,49,2
2c2h,8s5s,48,50,2
2c2h,8s5d,51,47,2
2c2h,8s5h,50,47,3
2c2h,8s5c,50,47,3
2c2h,8s4s,49,49,2
2c2h,8s4d,52,46,2
2c2h,8s4h,51,46,3
2c2h,8s4c,51,46,3
2c2h,8s3s,50,48,2
2c2h,8s3d,53,44,3
2c2h,8s3h,53,45,2
2c2h,8s3c,53,45,2
2c2h,8s2s,61,35,4
2c2h,8s2d,65,31,4
2c2h,8d8s,18,81,1
2c2h,8d8h,18,81,1
2c2h,8d8c,18,81,1
2c2h,8d7s,48,49,3
2c2h,8d7d,45,52,3
2c2h,8d7h,47,50,3
2c2h,8d7c,48,50,2
2c2h,8d6s,50,48,2
2c2h,8d6d,46,51,3
2c2h,8d6h,49,49,2
2c2h,8d6c,49,49,2
2c2h,8d5s,51,47,2
2c2h,8d5d,48,50,2
2c2h,8d5h,50,47,3
2c2h,8d5c,50,47,3
2c2h,8d4s,52,46,2
2c2h,8d4d,49,49,2
2c2h,8d4h,51,46,3
2c2h,8d4c,52,46,2
2c2h,8d3s,53,44,3
2c2h,8d3d,50,47,3
2c2h,8d3h,52,45,3
2c2h,8d3c,53,45,2
2c2h,8d2s,65,31,4
2c2h,8d2d,61,35,4
2c2h,8h8s,18,81,1
2c2h,8h8d,18,81,1
2c2h,8h8c,17,82,1
2c2h,8h7s,48,50,2
2c2h,8h7d,48,50,2
2c2h,8h7h,46,52,2
2c2h,8h7c,47,50,3
2c2h,8h6s,49,48,3
2c2h,8h6d,49,49,2
2c2h,8h6h,47,51,2
2c2h,8h6c,49,49,2
2c2h,8h5s,50,47,3
2c2h,8h5d,50,47,3
2c2h,8h5h,48,50,2
2c2h,8h5c,50,47,3
2c2h,8h4s,52,46,2
2c2h,8h4d,51,46,3
2c2h,8h4h,49,48,3
2c2h,8h4c,51,46,3
2c2h,8h3s,53,45,2
2c2h,8h3d,53,45,2
2c2h,8h3h,50,48,2
2c2h,8h3c,52,45,3
2c2h,8h2s,65,31,4
2c2h,8h2d,65,31,4
2c2h,8c8s,18,81,1
2c2h,8c8d,18,81,1
2c2h,8c8h,17,82,1
2c2h,8c7s,48,50,2
2c2h,8c7d,48,50,2
2c2h,8c7h,47,50,3
2c2h,8c7c,45,52,3
2c2h,8c6s,49,49,2
2c2h,8c6d,49,48,3
2c2h,8c6h,48,49,3
2c2h,8c6c,47,51,2
2c2h,8c5s,50,47,3
2c2h,8c5d,50,47,3
2c2h,8c5h,50,48,2
2c2h,8c5c,48,50,2
2c2h,8c4s,52,46,2
2c2h,8c4d,51,46,3
2c2h,8c4h,51,47,2
2c2h,8c4c,49,49,2
2c2h,8c3s,53,45,2
2c2h,8c3d,53,45,2
2c2h,8c3h,52,45,3
2c2h,8c3c,50,47,3
2c2h,8c2s,65,31,4
2c2h,8c2d,65,31,4
2c2h,7s7d,18,80,2
2c2h,7s7h,17,81,2
2c2h,7s7c,18,81,1
2c2h,7s6s,45,52,3
2c2h,7s6d,48,49,3
2c2h,7s6h,48,50,2
2c2h,7s6c,47,50,3
2c2h,7s5s,46,51,3
2c2h,7s5d,49,48,3
2c2h,7s5h,49,48,3
2c2h,7s5c,49,48,3
2c2h,7s4s,48,50,2
2c2h,7s4d,51,47,2
2c2h,7s4h,50,47,3
2c2h,7s4c,50,47,3
2c2h,7s3s,49,49,2
2c2h,7s3d,52,45,3
2c2h,7s3h,51,46,3
2c2h,7s3c,51,46,3
2c2h,7s2s,62,34,4
2c2h,7s2d,65,31,4
2c2h,7d7s,18,80,2
2c2h,7d7h,18,81,1
2c2h,7d7c,17,81,2
2c2h,7d6s,48,49,3
2c2h,7d6d,45,52,3
2c2h,7d6h,47,50,3
2c2h,7d6c,48,50,2
2c2h,7d5s,49,48,3
2c2h,7d5d,46,51,3
2c2h,7d5h,49,48,3
2c2h,7d5c,49,48,3
2c2h,7d4s,50,47,3
2c2h,7d4d,47,50,3
2c2h,7d4h,50,47,3
2c2h,7d4c,50,47,3
2c2h,7d3s,52,45,3
2c2h,7d3d,48,49,3
2c2h,7d3h,51,46,3
2c2h,7d3c,51,46,3
2c2h,7d2s,65,30,5
2c2h,7d2d,61,35,4
2c2h,7h7s,17,81,2
2c2h,7h7d,17,81,2
2c2h,7h7c,17,82,1
2c2h,7h6s,48,49,3
2c2h,7h6d,48,49,3
2c2h,7h6h,45,52,3
2c2h,7h6c,47,50,3
2c2h,7h5s,49,48,3
2c2h,7h5d,48,49,3
2c2h,7h5h,47,50,3
2c2h,7h5c,48,49,3
2c2h,7h4s,50,47,3
2c2h,7h4d,50,47,3
2c2h,7h4h,48,49,3
2c2h,7h4c,49,48,3
2c2h,7h3s,51,46,3
2c2h,7h3d,52,46,2
2c2h,7h3h,49,48,3
2c2h,7h3c,51,46,3
2c2h,7h2s,65,31,4
2c2h,7h2d,65,31,4
2c2h,7c7s,17,81,2
2c2h,7c7d,17,81,2
2c2h,7c7h,17,82,1
2c2h,7c6s,48,49,3
2c2h,7c6d,48,50,2
2c2h,7c6h,47,50,3
2c2h,7c6c,46,52,2
2c2h,7c5s,49,48,3
2c2h,7c5d,49,48,3
2c2h,7c5h,48,49,3
2c2h,7c5c,47,51,2
2c2h,7c4s,50,47,3
2c2h,7c4d,50,47,3
2c2h,7c4h,49,48,3
2c2h,7c4c,48,49,3
2c2h,7c3s,52,46,2
2c2h,7c3d,51,46,3
2c2h,7c3h,51,46,3
2c2h,7c3c,49,48,3
2c2h,7c2s,65,30,5
2c2h,7c2d,65,31,4
2c2h,6s6d,18,80,2
2c2h,6s6h,18,80,2
2c2h,6s6c,18,80,2
2c2h,6s5s,46,51,3
2c2h,6s5d,49,48,3
2c2h,6s5h,49,48,3
2c2h,6s5c,49,48,3
2c2h,6s4s,47,50,3
2c2h,6s4d,50,46,4
2c2h,6s4h,50,47,3
2c2h,6s4c,50,47,3
2c2h,6s3s,48,48,4
2c2h,6s3d,52,45,3
2c2h,6s3h,51,46,3
2c2h,6s3c,51,45,4
2c2h,6s2s,61,35,4
2c2h,6s2d,64,31,5
2c2h,6d6s,18,80,2
2c2h,6d6h,18,80,2
2c2h,6d6c,17,81,2
2c2h,6d5s,50,47,3
2c2h,6d5d,46,51,3
2c2h,6d5h,49,48,3
2c2h,6d5c,49,48,3
2c2h,6d4s,50,46,4
2c2h,6d4d,47,50,3
2c2h,6d4h,50,47,3
2c2h,6d4c,50,47,3
2c2h,6d3s,52,45,3
2c2h,6d3d,49,48,3
2c2h,6d3h,51,45,4
2c2h,6d3c,51,46,3
2c2h,6d2s,65,31,4
2c2h,6d2d,60,35,5
2c2h,6h6s,17,81,2
2c2h,6h6d,17,81,2
2c2h,6h6c,17,81,2
2c2h,6h5s,49,48,3
2c2h,6h5d,49,48,3
2c2h,6h5h,46,50,4
2c2h,6h5c,48,48,4
2c2h,6h4s,50,47,3
2c2h,6h4d,50,47,3
2c2h,6h4h,48,49,3
2c2h,6h4c,49,48,3
2c2h,6h3s,51,46,3
2c2h,6h3d,51,46,3
2c2h,6h3h,49,48,3
2c2h,6h3c,51,46,3
2c2h,6h2s,64,31,5
2c2h,6h2d,64,32,4
2c2h,6c6s,17,80,3
2c2h,6c6d,17,81,2
2c2h,6c6h,17,81,2
2c2h,6c5s,49,48,3
2c2h,6c5d,49,48,3
2c2h,6c5h,48,49,3
2c2h,6c5c,47,50,3
2c2h,6c4s,50,47,3
2c2h,6c4d,50,47,3
2c2h,6c4h,49,47,4
2c2h,6c4c,48,49,3
2c2h,6c3s,51,46,3
2c2h,6c3d,51,46,3
2c2h,6c3h,50,46,4
2c2h,6c3c,49,48,3
2c2h,6c2s,64,31,5
2c2h,6c2d,64,32,4
2c2h,5s5d,18,80,2
2c2h,5s5h,17,80,3
2c2h,5s5c,17,80,3
2c2h,5s4s,47,50,3
2c2h,5s4d,50,47,3
2c2h,5s4h,49,47,4
2c2h,5s4c,49,47,4
2c2h,5s3s,48,48,4
2c2h,5s3d,51,45,4
2c2h,5s3h,50,46,4
2c2h,5s3c,50,46,4
2c2h,5s2s,59,36,5
2c2h,5s2d,63,32,5
2c2h,5d5s,18,79,3
2c2h,5d5h,17,80,3
2c2h,5d5c,17,80,3
2c2h,5d4s,50,47,3
2c2h,5d4d,46,50,4
2c2h,5d4h,49,47,4
2c2h,5d4c,49,47,4
2c2h,5d3s,51,45,4
2c2h,5d3d,48,48,4
2c2h,5d3h,51,46,3
2c2h,5d3c,50,46,4
2c2h,5d2s,63,32,5
2c2h,5d2d,59,36,5
2c2h,5h5s,17,80,3
2c2h,5h5d,17,80,3
2c2h,5h5c,16,81,3
2c2h,5h4s,49,47,4
2c2h,5h4d,49,47,4
2c2h,5h4h,47,49,4
2c2h,5h4c,49,48,3
2c2h,5h3s,50,46,4
2c2h,5h3d,51,46,3
2c2h,5h3h,48,48,4
2c2h,5h3c,50,46,4
2c2h,5h2s,62,32,6
2c2h,5h2d,63,32,5
2c2h,5c5s,17,80,3
2c2h,5c5d,17,80,3
2c2h,5c5h,16,81,3
2c2h,5c4s,49,47,4
2c2h,5c4d,49,47,4
2c2h,5c4h,49,48,3
2c2h,5c4c,47,50,3
2c2h,5c3s,50,46,4
2c2h,5c3d,50,46,4
2c2h,5c3h,50,46,4
2c2h,5c3c,48,48,4
2c2h,5c2s,63,32,5
2c2h,5c2d,62,32,6
2c2h,4s4d,18,79,3
2c2h,4s4h,17,79,4
2c2h,4s4c,17,79,4
2c2h,4s3s,48,48,4
2c2h,4s3d,51,45,4
2c2h,4s3h,51,45,4
2c2h,4s3c,51,45,4
2c2h,4s2s,60,35,5
2c2h,4s2d,63,31,6
2c2h,4d4s,18,78,4
2c2h,4d4h,17,79,4
2c2h,4d4c,17,79,4
2c2h,4d3s,51,45,4
2c2h,4d3d,48,48,4
2c2h,4d3h,51,45,4
2c2h,4d3c,51,45,4
2c2h,4d2s,63,31,6
2c2h,4d2d,59,35,6
2c2h,4h4s,17,79,4
2c2h,4h4d,17,79,4
2c2h,4h4c,16,80,4
2c2h,4h3s,51,45,4
2c2h,4h3d,51,45,4
2c2h,4h3h,49,48,3
2c2h,4h3c,50,46,4
2c2h,4h2s,63,31,6
2c2h,4h2d,63,31,6
2c2h,4c4s,17,79,4
2c2h,4c4d,17,79,4
2c2h,4c4h,16,80,4
2c2h,4c3s,51,45,4
2c2h,4c3d,51,45,4
2c2h,4c3h,50,46,4
2c2h,4c3c,49,47,4
2c2h,4c2s,63,31,6
2c2h,4c2d,63,31,6
2c2h,3s3d,18,77,5
2c2h,3s3h,17,78,5
2c2h,3s3c,17,78,5
2c2h,3s2s,60,34,6
2c2h,3s2d,63,30,7
2c2h,3d3s,18,78,4
2c2h,3d3h,17,78,5
2c2h,3d3c,17,78,5
2c2h,3d2s,64,30,6
2c2h,3d2d,60,34,6
2c2h,3h3s,17,78,5
2c2h,3h3d,17,78,5
2c2h,3h3c,16,79,5
2c2h,3h2s,63,31,6
2c2h,3h2d,64,30,6
2c2h,3c3s,17,78,5
2c2h,3c3d,17,78,5
2c2h,3c3h,16,79,5
2c2h,3c2s,64,30,6
2c2h,3c2d,63,31,6
2c2h,2s2d,2,2,96
2c2h,2d2s,2,2,96
